Prefecture,City,Male,Female
北海道,  中央区,78.5 ,86.0
北海道,  北区,78.5 ,85.1 
北海道,  東区,78.3 ,85.2 
北海道,  白石区,77.6 ,84.6 
北海道,  豊平区,78.0 ,85.4 
北海道,  南区,78.6 ,85.9 
北海道,  西区,78.3 ,85.5 
北海道,  厚別区,79.4 ,86.0 
北海道,  手稲区,78.8 ,86.7 
北海道,  清田区,78.5 ,85.4 
北海道,  函館市,75.9 ,83.3 
北海道,  小樽市,76.4 ,84.1 
北海道,  旭川市,77.7 ,84.9 
北海道,  室蘭市,76.9 ,84.2 
北海道,  釧路市,76.4 ,84.0 
北海道,  帯広市,78.1 ,85.0 
北海道,  北見市,78.6 ,84.7 
北海道,  夕張市,77.5 ,84.5 
北海道,  岩見沢市,77.4 ,84.2 
北海道,  網走市,77.9 ,84.7 
北海道,  留萌市,77.3 ,83.6 
北海道,  苫小牧市,76.9 ,84.5 
北海道,  稚内市,77.6 ,84.1 
北海道,  美唄市,77.6 ,84.7 
北海道,  芦別市,75.7 ,84.9 
北海道,  江別市,78.2 ,85.2 
北海道,  赤平市,75.7 ,83.6 
北海道,  紋別市,75.9 ,83.6 
北海道,  士別市,77.4 ,84.6 
北海道,  名寄市,77.7 ,84.6 
北海道,  三笠市,77.0 ,83.9 
北海道,  根室市,76.3 ,83.4 
北海道,  千歳市,77.8 ,85.0 
北海道,  滝川市,77.7 ,85.4 
北海道,  砂川市,77.5 ,84.8 
北海道,  歌志内市,76.1 ,84.3 
北海道,  深川市,78.2 ,85.3 
北海道,  富良野市,78.1 ,84.6 
北海道,  登別市,77.7 ,84.9 
北海道,  恵庭市,78.0 ,85.3 
北海道,  伊達市,77.3 ,85.1 
北海道,  北広島市,78.6 ,86.7 
北海道,  石狩市,78.3 ,85.9 
北海道,  当別町,78.2 ,85.2 
北海道,  新篠津村,78.2 ,85.2 
北海道,  厚田村,78.0 ,85.3 
北海道,  浜益村,78.1 ,85.2 
北海道,  松前町,74.6 ,82.9 
北海道,  福島町,76.0 ,84.1 
北海道,  知内町,75.6 ,84.2 
北海道,  木古内町,76.9 ,83.6 
北海道,  上磯町,76.2 ,83.9 
北海道,  大野町,76.2 ,84.0 
北海道,  七飯町,76.5 ,84.7 
北海道,  戸井町,76.4 ,83.0 
北海道,  恵山町,75.1 ,82.9 
北海道,  椴法華村,76.3 ,83.3 
北海道,  南茅部町,76.1 ,84.0 
北海道,  鹿部町,75.9 ,83.3 
北海道,  砂原町,76.2 ,83.4 
北海道,  森町,76.1 ,84.0 
北海道,  八雲町,76.0 ,84.6 
北海道,  長万部町,77.1 ,83.9 
北海道,  江差町,76.9 ,84.3 
北海道,  上ノ国町,76.2 ,83.5 
北海道,  厚沢部町,77.0 ,84.5 
北海道,  乙部町,76.3 ,83.5 
北海道,  熊石町,75.8 ,84.2 
北海道,  大成町,76.5 ,84.4 
北海道,  奥尻町,76.6 ,84.7 
北海道,  瀬棚町,76.4 ,83.6 
北海道,  北檜山町,76.5 ,84.5 
北海道,  今金町,77.2 ,84.0 
北海道,  島牧村,76.4 ,83.8 
北海道,  寿都町,76.9 ,83.4 
北海道,  黒松内町,74.6 ,83.9 
北海道,  蘭越町,76.7 ,84.5 
北海道,  ニセコ町,76.6 ,84.5 
北海道,  真狩村,75.8 ,84.8 
北海道,  留寿都村,76.7 ,82.1 
北海道,  喜茂別町,76.8 ,83.2 
北海道,  京極町,76.9 ,84.5 
北海道,  倶知安町,76.7 ,84.6 
北海道,  共和町,76.5 ,84.4 
北海道,  岩内町,75.7 ,84.0 
北海道,  泊村,74.9 ,83.4 
北海道,  神恵内村,76.7 ,84.5 
北海道,  積丹町,76.5 ,83.4 
北海道,  古平町,76.9 ,83.9 
北海道,  仁木町,77.0 ,82.9 
北海道,  余市町,76.2 ,84.4 
北海道,  赤井川村,76.7 ,84.3 
北海道,  北村,78.2 ,85.8 
北海道,  栗沢町,78.5 ,84.9 
北海道,  南幌町,78.2 ,85.6 
北海道,  奈井江町,77.6 ,84.6 
北海道,  上砂川町,77.3 ,84.7 
北海道,  由仁町,77.9 ,85.1 
北海道,  長沼町,78.4 ,85.4 
北海道,  栗山町,78.1 ,84.9 
北海道,  月形町,78.4 ,85.6 
北海道,  浦臼町,78.1 ,85.2 
北海道,  新十津川町,77.1 ,85.2 
北海道,  妹背牛町,78.2 ,84.1 
北海道,  秩父別町,77.5 ,84.4 
北海道,  雨竜町,78.3 ,85.1 
北海道,  北竜町,77.6 ,85.4 
北海道,  沼田町,78.2 ,84.7 
北海道,  幌加内町,78.2 ,84.8 
北海道,  鷹栖町,78.6 ,84.9 
北海道,  東神楽町,78.5 ,85.8 
北海道,  当麻町,77.5 ,84.2 
北海道,  比布町,77.0 ,84.2 
北海道,  愛別町,77.1 ,85.1 
北海道,  上川町,76.9 ,84.2 
北海道,  東川町,78.4 ,84.7 
北海道,  美瑛町,77.7 ,85.4 
北海道,  上富良野町,77.7 ,85.1 
北海道,  中富良野町,77.7 ,84.6 
北海道,  南富良野町,78.2 ,84.6 
北海道,  占冠村,78.0 ,84.5 
北海道,  和寒町,77.6 ,84.7 
北海道,  剣淵町,77.7 ,84.6 
北海道,  朝日町,77.4 ,84.6 
北海道,  風連町,77.1 ,85.6 
北海道,  下川町,76.2 ,84.6 
北海道,  美深町,77.9 ,84.7 
北海道,  音威子府村,77.3 ,84.9 
北海道,  中川町,77.8 ,84.3 
北海道,  増毛町,74.2 ,84.5 
北海道,  小平町,76.7 ,85.7 
北海道,  苫前町,78.4 ,84.7 
北海道,  羽幌町,77.9 ,85.6 
北海道,  初山別村,77.5 ,84.8 
北海道,  遠別町,77.9 ,84.2 
北海道,  天塩町,77.2 ,85.2 
北海道,  幌延町,76.1 ,83.8 
北海道,  猿払村,78.4 ,85.0 
北海道,  浜頓別町,77.8 ,83.1 
北海道,  中頓別町,76.9 ,85.6 
北海道,  枝幸町,77.2 ,83.9 
北海道,  歌登町,78.2 ,85.1 
北海道,  豊富町,77.0 ,84.8 
北海道,  礼文町,78.1 ,84.8 
北海道,  利尻町,77.4 ,84.8 
北海道,  利尻富士町,78.3 ,84.7 
北海道,  東藻琴村,78.7 ,84.5 
北海道,  女満別町,78.0 ,85.0 
北海道,  美幌町,78.2 ,85.7 
北海道,  津別町,77.8 ,84.9 
北海道,  斜里町,78.4 ,85.0 
北海道,  清里町,77.7 ,84.2 
北海道,  小清水町,77.7 ,85.2 
北海道,  端野町,79.4 ,84.9 
北海道,  訓子府町,78.2 ,84.8 
北海道,  置戸町,77.6 ,84.7 
北海道,  留辺蘂町,76.2 ,83.7 
北海道,  佐呂間町,77.6 ,85.2 
北海道,  常呂町,76.3 ,85.2 
北海道,  生田原町,78.6 ,86.0 
北海道,  遠軽町,78.8 ,84.2 
北海道,  丸瀬布町,78.6 ,84.4 
北海道,  白滝村,78.7 ,85.1 
北海道,  上湧別町,78.4 ,84.7 
北海道,  湧別町,77.2 ,84.6 
北海道,  滝上町,76.8 ,84.9 
北海道,  興部町,77.1 ,84.5 
北海道,  西興部村,77.8 ,85.0 
北海道,  雄武町,77.3 ,84.5 
北海道,  豊浦町,76.7 ,85.1 
北海道,  虻田町,76.6 ,83.6 
北海道,  洞爺村,77.5 ,86.2 
北海道,  大滝村,79.1 ,87.3 
北海道,  壮瞥町,78.1 ,88.0 
北海道,  白老町,76.5 ,83.9 
北海道,  早来町,77.6 ,83.6 
北海道,  追分町,75.9 ,84.1 
北海道,  厚真町,76.8 ,83.9 
北海道,  鵡川町,75.5 ,83.8 
北海道,  穂別町,75.8 ,84.3 
北海道,  日高町,77.3 ,84.3 
北海道,  平取町,75.6 ,83.5 
北海道,  門別町,76.5 ,84.3 
北海道,  新冠町,76.4 ,84.5 
北海道,  静内町,77.3 ,84.6 
北海道,  三石町,77.1 ,83.8 
北海道,  浦河町,75.8 ,83.8 
北海道,  様似町,76.6 ,83.4 
北海道,  えりも町,75.4 ,84.5 
北海道,  音更町,77.5 ,86.2 
北海道,  士幌町,77.8 ,85.2 
北海道,  上士幌町,75.9 ,84.4 
北海道,  鹿追町,76.9 ,84.8 
北海道,  新得町,77.7 ,84.3 
北海道,  清水町,78.3 ,85.8 
北海道,  芽室町,78.5 ,85.1 
北海道,  中札内村,76.6 ,84.3 
北海道,  更別村,77.9 ,84.3 
北海道,  忠類村,77.7 ,84.5 
北海道,  大樹町,77.6 ,86.2 
北海道,  広尾町,77.4 ,84.9 
北海道,  幕別町,77.0 ,85.6 
北海道,  池田町,77.5 ,84.8 
北海道,  豊頃町,77.4 ,84.9 
北海道,  本別町,77.5 ,85.2 
北海道,  足寄町,77.4 ,84.8 
北海道,  陸別町,77.1 ,85.2 
北海道,  浦幌町,76.7 ,84.3 
北海道,  釧路町,77.2 ,84.9 
北海道,  厚岸町,77.5 ,85.5 
北海道,  浜中町,76.9 ,84.2 
北海道,  標茶町,76.7 ,83.3 
北海道,  弟子屈町,76.8 ,85.2 
北海道,  阿寒町,77.9 ,85.0 
北海道,  鶴居村,78.0 ,86.5 
北海道,  白糠町,76.3 ,84.2 
北海道,  音別町,77.4 ,84.9 
北海道,  別海町,76.6 ,84.3 
北海道,  中標津町,77.9 ,85.8 
北海道,  標津町,77.1 ,84.9 
北海道,  羅臼町,76.9 ,84.7 
青森県,  青森市,75.8 ,83.0 
青森県,  弘前市,75.8 ,83.5 
青森県,  八戸市,76.4 ,83.8 
青森県,  黒石市,74.7 ,82.6 
青森県,  五所川原市,75.1 ,82.8 
青森県,  十和田市,76.6 ,84.9 
青森県,  三沢市,76.6 ,84.0 
青森県,  むつ市,75.6 ,83.8 
青森県,  平内町,75.8 ,83.2 
青森県,  蟹田町,75.7 ,83.2 
青森県,  今別町,75.4 ,82.8 
青森県,  蓬田村,75.8 ,82.9 
青森県,  平舘村,75.8 ,83.1 
青森県,  三厩村,75.6 ,82.7 
青森県,  鰺ヶ沢町,74.6 ,83.2 
青森県,  木造町,76.1 ,83.9 
青森県,  深浦町,75.0 ,83.6 
青森県,  森田村,75.3 ,83.1 
青森県,  岩崎村,75.2 ,83.9 
青森県,  柏村,74.7 ,83.1 
青森県,  稲垣村,74.6 ,83.6 
青森県,  車力村,75.8 ,83.9 
青森県,  岩木町,74.5 ,82.9 
青森県,  相馬村,75.7 ,83.8 
青森県,  西目屋村,75.6 ,83.0 
青森県,  藤崎町,75.4 ,82.6 
青森県,  大鰐町,73.6 ,83.3 
青森県,  尾上町,74.7 ,83.7 
青森県,  浪岡町,74.4 ,83.7 
青森県,  平賀町,75.2 ,84.3 
青森県,  常盤村,76.0 ,84.2 
青森県,  田舎館村,74.4 ,83.4 
青森県,  碇ヶ関村,74.8 ,82.8 
青森県,  板柳町,74.9 ,83.1 
青森県,  金木町,75.7 ,84.1 
青森県,  中里町,75.2 ,83.2 
青森県,  鶴田町,74.5 ,84.1 
青森県,  市浦村,75.2 ,83.1 
青森県,  小泊村,75.2 ,83.2 
青森県,  野辺地町,75.6 ,84.3 
青森県,  七戸町,75.4 ,83.2 
青森県,  百石町,76.2 ,84.5 
青森県,  十和田湖町,75.9 ,84.4 
青森県,  六戸町,75.0 ,84.0 
青森県,  横浜町,74.7 ,82.5 
青森県,  上北町,75.9 ,84.9 
青森県,  東北町,76.2 ,84.0 
青森県,  天間林村,75.2 ,84.2 
青森県,  下田町,75.7 ,83.4 
青森県,  六ヶ所村,76.1 ,83.0 
青森県,  川内町,75.4 ,83.5 
青森県,  大畑町,75.9 ,84.1 
青森県,  大間町,74.0 ,83.7 
青森県,  東通村,76.7 ,84.2 
青森県,  風間浦村,76.1 ,83.1 
青森県,  佐井村,76.2 ,83.4 
青森県,  脇野沢村,76.0 ,84.1 
青森県,  三戸町,75.9 ,84.5 
青森県,  五戸町,76.4 ,83.5 
青森県,  田子町,76.2 ,83.8 
青森県,  名川町,76.3 ,84.1 
青森県,  南部町,76.5 ,83.5 
青森県,  階上町,75.5 ,83.4 
青森県,  福地村,75.6 ,83.5 
青森県,  南郷村,76.5 ,84.2 
青森県,  倉石村,76.0 ,83.8 
青森県,  新郷村,76.5 ,84.2 
岩手県,  盛岡市,78.0 ,85.1 
岩手県,  宮古市,76.3 ,83.6 
岩手県,  大船渡市,77.3 ,84.7 
岩手県,  水沢市,78.1 ,84.5 
岩手県,  花巻市,76.9 ,84.1 
岩手県,  北上市,77.3 ,84.5 
岩手県,  久慈市,75.6 ,84.8 
岩手県,  遠野市,76.2 ,84.2 
岩手県,  一関市,77.2 ,84.1 
岩手県,  陸前高田市,77.4 ,84.4 
岩手県,  釜石市,77.5 ,83.1 
岩手県,  江刺市,77.2 ,84.0 
岩手県,  二戸市,76.1 ,83.4 
岩手県,  雫石町,77.8 ,84.0 
岩手県,  葛巻町,76.7 ,84.5 
岩手県,  岩手町,76.7 ,85.0 
岩手県,  西根町,77.3 ,85.1 
岩手県,  滝沢村,77.7 ,85.3 
岩手県,  松尾村,78.0 ,85.2 
岩手県,  玉山村,77.1 ,85.2 
岩手県,  紫波町,77.7 ,84.7 
岩手県,  矢巾町,78.1 ,85.4 
岩手県,  大迫町,76.6 ,84.3 
岩手県,  石鳥谷町,76.9 ,84.5 
岩手県,  東和町,76.9 ,84.0 
岩手県,  湯田町,77.8 ,84.2 
岩手県,  沢内村,76.9 ,84.6 
岩手県,  金ヶ崎町,77.7 ,83.8 
岩手県,  前沢町,77.8 ,85.8 
岩手県,  胆沢町,76.8 ,84.1 
岩手県,  衣川村,76.7 ,84.4 
岩手県,  花泉町,77.0 ,84.4 
岩手県,  平泉町,76.5 ,84.7 
岩手県,  大東町,77.1 ,85.2 
岩手県,  藤沢町,77.3 ,84.9 
岩手県,  千厩町,77.1 ,84.5 
岩手県,  東山町,77.5 ,84.6 
岩手県,  室根村,77.4 ,84.7 
岩手県,  川崎村,76.7 ,83.6 
岩手県,  住田町,76.8 ,84.3 
岩手県,  大槌町,75.2 ,83.6 
岩手県,  宮守村,76.5 ,84.7 
岩手県,  田老町,75.9 ,84.4 
岩手県,  山田町,75.7 ,84.4 
岩手県,  岩泉町,76.0 ,84.0 
岩手県,  田野畑村,77.4 ,85.0 
岩手県,  普代村,76.8 ,83.7 
岩手県,  新里村,75.7 ,85.0 
岩手県,  川井村,75.5 ,84.1 
岩手県,  軽米町,76.2 ,83.6 
岩手県,  種市町,76.5 ,83.6 
岩手県,  野田村,76.0 ,84.6 
岩手県,  山形村,75.6 ,83.9 
岩手県,  大野村,74.6 ,84.1 
岩手県,  九戸村,76.5 ,84.5 
岩手県,  浄法寺町,76.1 ,84.0 
岩手県,  安代町,77.7 ,85.3 
岩手県,  一戸町,75.8 ,83.9 
宮城県,  青葉区,78.6 ,85.5 
宮城県,  宮城野区,77.7 ,84.9 
宮城県,  若林区,77.7 ,84.8 
宮城県,  太白区,78.7 ,85.4 
宮城県,  泉区,79.2 ,85.3 
宮城県,  石巻市,76.8 ,84.2 
宮城県,  塩竈市,77.4 ,84.9 
宮城県,  古川市,77.0 ,84.4 
宮城県,  気仙沼市,77.1 ,84.6 
宮城県,  白石市,77.8 ,84.9 
宮城県,  名取市,78.4 ,85.5 
宮城県,  角田市,77.2 ,85.4 
宮城県,  多賀城市,78.2 ,84.6 
宮城県,  岩沼市,78.4 ,84.7 
宮城県,  蔵王町,78.0 ,84.1 
宮城県,  七ヶ宿町,78.0 ,84.9 
宮城県,  大河原町,78.5 ,85.2 
宮城県,  村田町,77.8 ,85.0 
宮城県,  柴田町,78.2 ,84.9 
宮城県,  川崎町,78.2 ,85.4 
宮城県,  丸森町,77.9 ,84.6 
宮城県,  亘理町,77.4 ,84.5 
宮城県,  山元町,77.8 ,84.7 
宮城県,  松島町,77.6 ,84.9 
宮城県,  七ヶ浜町,78.1 ,84.7 
宮城県,  利府町,78.2 ,85.5 
宮城県,  大和町,77.2 ,83.8 
宮城県,  大郷町,77.9 ,84.5 
宮城県,  富谷町,78.6 ,85.1 
宮城県,  大衡村,78.4 ,84.7 
宮城県,  中新田町,76.9 ,84.2 
宮城県,  小野田町,77.6 ,84.0 
宮城県,  宮崎町,78.0 ,83.8 
宮城県,  色麻町,76.8 ,84.0 
宮城県,  松山町,76.2 ,85.2 
宮城県,  三本木町,76.9 ,83.5 
宮城県,  鹿島台町,75.6 ,83.6 
宮城県,  岩出山町,77.6 ,83.4 
宮城県,  鳴子町,76.1 ,84.9 
宮城県,  涌谷町,76.8 ,84.3 
宮城県,  田尻町,76.5 ,83.3 
宮城県,  小牛田町,77.5 ,83.3 
宮城県,  南郷町,76.7 ,84.3 
宮城県,  築館町,78.0 ,84.2 
宮城県,  若柳町,76.2 ,85.2 
宮城県,  栗駒町,77.3 ,84.1 
宮城県,  高清水町,77.3 ,84.5 
宮城県,  一迫町,78.0 ,84.7 
宮城県,  瀬峰町,76.6 ,84.2 
宮城県,  鶯沢町,76.9 ,83.3 
宮城県,  金成町,77.1 ,83.9 
宮城県,  志波姫町,77.9 ,84.9 
宮城県,  花山村,76.8 ,84.0 
宮城県,  迫町,76.4 ,84.4 
宮城県,  登米町,76.3 ,84.7 
宮城県,  東和町,76.2 ,83.7 
宮城県,  中田町,77.7 ,84.4 
宮城県,  豊里町,77.2 ,84.7 
宮城県,  米山町,75.9 ,83.4 
宮城県,  石越町,76.3 ,84.7 
宮城県,  南方町,76.2 ,83.7 
宮城県,  河北町,76.9 ,84.6 
宮城県,  矢本町,76.1 ,84.5 
宮城県,  雄勝町,76.4 ,84.0 
宮城県,  河南町,77.0 ,84.0 
宮城県,  桃生町,76.8 ,83.8 
宮城県,  鳴瀬町,76.7 ,83.6 
宮城県,  北上町,76.5 ,84.2 
宮城県,  女川町,77.3 ,84.1 
宮城県,  牡鹿町,76.2 ,83.7 
宮城県,  志津川町,76.4 ,84.3 
宮城県,  津山町,76.4 ,84.7 
宮城県,  本吉町,76.3 ,84.1 
宮城県,  唐桑町,76.8 ,84.4 
宮城県,  歌津町,77.2 ,84.8 
秋田県,  秋田市,77.4 ,84.9 
秋田県,  能代市,75.6 ,84.2 
秋田県,  横手市,77.6 ,84.5 
秋田県,  大館市,76.3 ,84.2 
秋田県,  本荘市,77.1 ,84.8 
秋田県,  男鹿市,76.9 ,84.3 
秋田県,  湯沢市,77.6 ,83.4 
秋田県,  大曲市,77.5 ,83.8 
秋田県,  鹿角市,75.5 ,84.1 
秋田県,  小坂町,75.2 ,84.2 
秋田県,  鷹巣町,75.6 ,84.3 
秋田県,  比内町,75.6 ,84.5 
秋田県,  森吉町,76.5 ,85.2 
秋田県,  阿仁町,76.7 ,85.1 
秋田県,  田代町,75.4 ,84.7 
秋田県,  合川町,76.7 ,84.1 
秋田県,  上小阿仁村,75.6 ,84.0 
秋田県,  琴丘町,74.2 ,83.5 
秋田県,  二ツ井町,76.4 ,83.7 
秋田県,  八森町,75.6 ,84.6 
秋田県,  山本町,75.4 ,84.9 
秋田県,  八竜町,75.2 ,85.1 
秋田県,  藤里町,75.2 ,84.3 
秋田県,  峰浜村,75.6 ,84.6 
秋田県,  五城目町,76.6 ,84.4 
秋田県,  昭和町,76.9 ,86.1 
秋田県,  八郎潟町,76.7 ,83.9 
秋田県,  飯田川町,76.8 ,83.9 
秋田県,  天王町,76.3 ,84.4 
秋田県,  井川町,77.0 ,85.0 
秋田県,  若美町,77.0 ,83.3 
秋田県,  大潟村,77.3 ,84.8 
秋田県,  河辺町,76.5 ,84.7 
秋田県,  雄和町,77.0 ,83.9 
秋田県,  仁賀保町,77.3 ,84.8 
秋田県,  金浦町,76.6 ,84.8 
秋田県,  象潟町,76.8 ,83.8 
秋田県,  矢島町,77.0 ,84.0 
秋田県,  岩城町,77.2 ,84.6 
秋田県,  由利町,77.5 ,84.8 
秋田県,  西目町,76.8 ,84.9 
秋田県,  鳥海町,76.6 ,84.3 
秋田県,  東由利町,76.7 ,84.6 
秋田県,  大内町,77.5 ,84.4 
秋田県,  神岡町,76.9 ,84.0 
秋田県,  西仙北町,76.8 ,83.1 
秋田県,  角館町,77.3 ,84.0 
秋田県,  六郷町,77.5 ,83.9 
秋田県,  中仙町,76.7 ,82.3 
秋田県,  田沢湖町,77.3 ,82.5 
秋田県,  協和町,77.3 ,84.1 
秋田県,  南外村,77.5 ,84.2 
秋田県,  仙北町,77.3 ,83.5 
秋田県,  西木村,77.7 ,84.7 
秋田県,  太田町,75.9 ,84.2 
秋田県,  千畑町,76.8 ,83.6 
秋田県,  仙南村,76.5 ,84.2 
秋田県,  増田町,77.8 ,84.3 
秋田県,  平鹿町,76.3 ,83.9 
秋田県,  雄物川町,77.5 ,82.5 
秋田県,  大森町,76.0 ,84.8 
秋田県,  十文字町,78.3 ,84.1 
秋田県,  山内村,77.8 ,84.0 
秋田県,  大雄村,76.6 ,83.7 
秋田県,  稲川町,78.3 ,84.1 
秋田県,  雄勝町,76.9 ,83.2 
秋田県,  羽後町,77.0 ,83.9 
秋田県,  東成瀬村,76.7 ,83.6 
秋田県,  皆瀬村,76.9 ,84.6 
山形県,  山形市,78.8 ,84.7 
山形県,  米沢市,77.6 ,84.8 
山形県,  鶴岡市,77.1 ,84.5 
山形県,  酒田市,76.4 ,84.2 
山形県,  新庄市,77.8 ,84.6 
山形県,  寒河江市,79.0 ,84.8 
山形県,  上山市,77.9 ,84.8 
山形県,  村山市,77.9 ,84.9 
山形県,  長井市,76.8 ,84.1 
山形県,  天童市,78.2 ,85.0 
山形県,  東根市,79.0 ,84.6 
山形県,  尾花沢市,78.0 ,85.1 
山形県,  南陽市,77.5 ,83.9 
山形県,  山辺町,79.1 ,85.6 
山形県,  中山町,77.9 ,84.6 
山形県,  河北町,79.4 ,84.6 
山形県,  西川町,78.5 ,85.0 
山形県,  朝日町,77.9 ,84.4 
山形県,  大江町,78.9 ,84.9 
山形県,  大石田町,78.0 ,84.2 
山形県,  金山町,78.2 ,84.9 
山形県,  最上町,77.9 ,84.3 
山形県,  舟形町,78.4 ,83.8 
山形県,  真室川町,77.4 ,83.4 
山形県,  大蔵村,77.8 ,84.9 
山形県,  鮭川村,78.2 ,84.3 
山形県,  戸沢村,78.5 ,85.1 
山形県,  高畠町,77.0 ,85.2 
山形県,  川西町,76.5 ,84.6 
山形県,  小国町,77.4 ,85.0 
山形県,  白鷹町,77.7 ,83.8 
山形県,  飯豊町,77.1 ,85.1 
山形県,  立川町,76.7 ,83.6 
山形県,  余目町,76.5 ,84.9 
山形県,  藤島町,77.0 ,84.2 
山形県,  羽黒町,75.8 ,83.8 
山形県,  櫛引町,76.4 ,84.0 
山形県,  三川町,76.3 ,84.4 
山形県,  朝日村,76.6 ,84.4 
山形県,  温海町,76.4 ,84.3 
山形県,  遊佐町,75.4 ,84.0 
山形県,  八幡町,76.7 ,84.1 
山形県,  松山町,75.9 ,83.6 
山形県,  平田町,76.3 ,84.3 
福島県,  福島市,78.4 ,84.6 
福島県,  会津若松市,76.6 ,83.7 
福島県,  郡山市,77.6 ,84.3 
福島県,  いわき市,76.5 ,83.3 
福島県,  白河市,76.2 ,84.3 
福島県,  原町市,76.9 ,84.3 
福島県,  須賀川市,77.4 ,84.6 
福島県,  喜多方市,77.5 ,84.7 
福島県,  相馬市,76.4 ,83.9 
福島県,  二本松市,77.7 ,84.7 
福島県,  桑折町,77.1 ,84.6 
福島県,  伊達町,78.0 ,84.8 
福島県,  国見町,77.9 ,84.4 
福島県,  梁川町,78.4 ,84.4 
福島県,  保原町,78.3 ,84.3 
福島県,  霊山町,78.1 ,84.6 
福島県,  月舘町,78.3 ,84.1 
福島県,  川俣町,77.7 ,84.4 
福島県,  飯野町,78.2 ,84.8 
福島県,  安達町,78.0 ,84.7 
福島県,  大玉村,78.0 ,84.9 
福島県,  本宮町,78.4 ,85.0 
福島県,  白沢村,77.9 ,84.7 
福島県,  岩代町,77.8 ,84.6 
福島県,  東和町,77.9 ,84.4 
福島県,  長沼町,77.3 ,84.3 
福島県,  鏡石町,76.8 ,83.2 
福島県,  岩瀬村,76.6 ,84.0 
福島県,  天栄村,77.1 ,83.5 
福島県,  田島町,77.0 ,84.4 
福島県,  下郷町,77.1 ,83.8 
福島県,  舘岩村,76.9 ,84.2 
福島県,  檜枝岐村,77.3 ,84.8 
福島県,  伊南村,77.5 ,84.5 
福島県,  南郷村,78.6 ,83.7 
福島県,  只見町,78.3 ,84.7 
福島県,  北会津村,77.6 ,85.4 
福島県,  熱塩加納村,77.3 ,85.0 
福島県,  北塩原村,78.3 ,83.3 
福島県,  塩川町,76.2 ,84.1 
福島県,  山都町,77.0 ,82.6 
福島県,  西会津町,77.6 ,84.1 
福島県,  高郷村,77.4 ,84.4 
福島県,  磐梯町,76.0 ,85.0 
福島県,  猪苗代町,76.2 ,84.1 
福島県,  会津坂下町,77.5 ,84.7 
福島県,  湯川村,77.4 ,84.5 
福島県,  柳津町,77.5 ,84.4 
福島県,  河東町,76.3 ,83.7 
福島県,  会津高田町,76.0 ,83.1 
福島県,  会津本郷町,76.3 ,84.2 
福島県,  新鶴村,77.2 ,84.9 
福島県,  三島町,77.1 ,84.5 
福島県,  金山町,78.7 ,84.8 
福島県,  昭和村,76.6 ,84.4 
福島県,  西郷村,75.8 ,83.4 
福島県,  表郷村,76.9 ,85.1 
福島県,  東村,77.6 ,84.3 
福島県,  泉崎村,76.5 ,83.1 
福島県,  中島村,76.3 ,83.8 
福島県,  矢吹町,77.0 ,84.1 
福島県,  大信村,77.2 ,84.1 
福島県,  棚倉町,76.9 ,83.4 
福島県,  矢祭町,77.0 ,83.9 
福島県,  塙町,76.8 ,84.9 
福島県,  鮫川村,76.8 ,84.3 
福島県,  石川町,77.2 ,84.4 
福島県,  玉川村,77.0 ,84.5 
福島県,  平田村,76.5 ,83.8 
福島県,  浅川町,77.1 ,83.4 
福島県,  古殿町,76.9 ,84.5 
福島県,  三春町,77.1 ,83.9 
福島県,  小野町,76.2 ,84.0 
福島県,  滝根町,75.9 ,84.5 
福島県,  大越町,77.7 ,84.2 
福島県,  都路村,77.0 ,83.8 
福島県,  常葉町,76.7 ,83.8 
福島県,  船引町,77.2 ,84.1 
福島県,  広野町,76.8 ,83.9 
福島県,  楢葉町,75.8 ,84.0 
福島県,  富岡町,75.7 ,83.9 
福島県,  川内村,76.1 ,83.2 
福島県,  大熊町,76.4 ,84.2 
福島県,  双葉町,76.7 ,84.1 
福島県,  浪江町,76.1 ,83.3 
福島県,  葛尾村,76.7 ,83.8 
福島県,  新地町,76.8 ,84.0 
福島県,  鹿島町,76.9 ,83.8 
福島県,  小高町,76.2 ,83.1 
福島県,  飯舘村,75.9 ,83.7 
茨城県,  水戸市,78.2 ,84.8 
茨城県,  日立市,78.0 ,84.4 
茨城県,  土浦市,77.3 ,84.4 
茨城県,  古河市,76.6 ,83.6 
茨城県,  石岡市,77.2 ,84.4 
茨城県,  下館市,75.9 ,83.7 
茨城県,  結城市,76.2 ,83.8 
茨城県,  龍ヶ崎市,77.1 ,83.8 
茨城県,  下妻市,76.6 ,84.6 
茨城県,  水海道市,77.0 ,85.2 
茨城県,  常陸太田市,77.8 ,84.1 
茨城県,  高萩市,77.2 ,84.1 
茨城県,  北茨城市,77.2 ,83.7 
茨城県,  笠間市,76.5 ,84.2 
茨城県,  取手市,78.4 ,84.4 
茨城県,  岩井市,76.1 ,83.7 
茨城県,  牛久市,77.7 ,84.3 
茨城県,  つくば市,77.9 ,85.1 
茨城県,  ひたちなか市,78.2 ,84.2 
茨城県,  鹿嶋市,75.6 ,82.4 
茨城県,  潮来市,75.8 ,83.0 
茨城県,  茨城町,77.3 ,83.9 
茨城県,  小川町,76.4 ,83.3 
茨城県,  美野里町,77.6 ,84.1 
茨城県,  内原町,77.6 ,84.4 
茨城県,  常北町,77.7 ,84.3 
茨城県,  桂村,78.0 ,84.5 
茨城県,  御前山村,77.6 ,84.3 
茨城県,  大洗町,77.5 ,83.4 
茨城県,  友部町,77.8 ,84.6 
茨城県,  岩間町,77.4 ,83.6 
茨城県,  七会村,76.8 ,84.1 
茨城県,  岩瀬町,76.0 ,84.4 
茨城県,  東海村,78.4 ,84.6 
茨城県,  那珂町,77.8 ,84.8 
茨城県,  瓜連町,77.4 ,83.8 
茨城県,  大宮町,78.0 ,84.4 
茨城県,  山方町,77.9 ,83.8 
茨城県,  美和村,77.4 ,83.7 
茨城県,  緒川村,78.0 ,84.0 
茨城県,  金砂郷町,78.3 ,83.9 
茨城県,  水府村,77.8 ,83.6 
茨城県,  里美村,78.0 ,84.3 
茨城県,  大子町,78.1 ,83.2 
茨城県,  十王町,77.4 ,83.7 
茨城県,  旭村,76.1 ,82.8 
茨城県,  鉾田町,76.5 ,83.6 
茨城県,  大洋村,74.9 ,82.7 
茨城県,  神栖町,75.7 ,81.8 
茨城県,  波崎町,75.0 ,84.2 
茨城県,  麻生町,75.8 ,82.9 
茨城県,  北浦町,75.5 ,83.8 
茨城県,  玉造町,76.3 ,83.2 
茨城県,  江戸崎町,75.7 ,83.1 
茨城県,  美浦村,77.1 ,84.1 
茨城県,  阿見町,76.9 ,84.5 
茨城県,  茎崎町,78.2 ,85.1 
茨城県,  新利根町,76.6 ,83.8 
茨城県,  河内町,77.0 ,84.2 
茨城県,  桜川村,76.5 ,83.2 
茨城県,  東町,76.3 ,83.7 
茨城県,  霞ヶ浦町,77.2 ,83.4 
茨城県,  玉里村,77.2 ,83.2 
茨城県,  八郷町,77.3 ,84.3 
茨城県,  千代田町,77.3 ,84.1 
茨城県,  新治村,76.8 ,84.0 
茨城県,  伊奈町,76.6 ,84.6 
茨城県,  谷和原村,77.3 ,84.0 
茨城県,  関城町,75.1 ,83.9 
茨城県,  明野町,75.9 ,83.5 
茨城県,  真壁町,76.3 ,83.8 
茨城県,  大和村,76.4 ,83.9 
茨城県,  協和町,76.2 ,84.3 
茨城県,  八千代町,76.8 ,84.3 
茨城県,  千代川村,77.1 ,85.0 
茨城県,  石下町,77.5 ,84.4 
茨城県,  総和町,76.8 ,83.7 
茨城県,  五霞町,75.8 ,83.6 
茨城県,  三和町,75.9 ,83.6 
茨城県,  猿島町,76.0 ,83.3 
茨城県,  境町,76.4 ,84.1 
茨城県,  守谷町,78.3 ,84.7 
茨城県,  藤代町,77.4 ,84.9 
茨城県,  利根町,77.1 ,85.0 
栃木県,  宇都宮市,77.6 ,84.6 
栃木県,  足利市,76.9 ,83.3 
栃木県,  栃木市,76.7 ,83.3 
栃木県,  佐野市,76.7 ,83.0 
栃木県,  鹿沼市,77.3 ,84.2 
栃木県,  日光市,76.1 ,84.0 
栃木県,  今市市,77.1 ,84.1 
栃木県,  小山市,77.1 ,83.9 
栃木県,  真岡市,77.7 ,84.1 
栃木県,  大田原市,77.3 ,84.6 
栃木県,  矢板市,76.2 ,84.1 
栃木県,  黒磯市,76.8 ,84.2 
栃木県,  上三川町,77.6 ,84.3 
栃木県,  南河内町,78.1 ,84.3 
栃木県,  上河内町,77.6 ,84.4 
栃木県,  河内町,77.8 ,84.9 
栃木県,  西方町,77.0 ,84.4 
栃木県,  粟野町,76.5 ,84.0 
栃木県,  足尾町,77.0 ,84.4 
栃木県,  二宮町,77.8 ,84.7 
栃木県,  益子町,77.4 ,84.5 
栃木県,  茂木町,77.5 ,84.4 
栃木県,  市貝町,77.3 ,84.0 
栃木県,  芳賀町,77.2 ,84.0 
栃木県,  壬生町,76.7 ,83.8 
栃木県,  石橋町,77.2 ,83.5 
栃木県,  国分寺町,77.0 ,83.7 
栃木県,  野木町,76.8 ,83.5 
栃木県,  大平町,76.7 ,83.5 
栃木県,  藤岡町,76.7 ,83.2 
栃木県,  岩舟町,76.9 ,83.7 
栃木県,  都賀町,76.8 ,83.4 
栃木県,  栗山村,76.7 ,83.8 
栃木県,  藤原町,76.9 ,83.4 
栃木県,  塩谷町,76.3 ,83.9 
栃木県,  氏家町,76.8 ,83.4 
栃木県,  高根沢町,78.0 ,84.5 
栃木県,  喜連川町,77.1 ,83.7 
栃木県,  南那須町,77.2 ,84.3 
栃木県,  烏山町,77.4 ,84.7 
栃木県,  馬頭町,77.6 ,84.2 
栃木県,  小川町,77.7 ,84.3 
栃木県,  湯津上村,77.0 ,83.0 
栃木県,  黒羽町,77.4 ,83.6 
栃木県,  那須町,77.1 ,83.9 
栃木県,  西那須野町,77.8 ,84.8 
栃木県,  塩原町,76.4 ,83.3 
栃木県,  田沼町,76.5 ,83.0 
栃木県,  葛生町,75.9 ,84.0 
群馬県,  前橋市,78.4 ,85.0 
群馬県,  高崎市,78.2 ,84.4 
群馬県,  桐生市,77.1 ,83.8 
群馬県,  伊勢崎市,77.7 ,84.3 
群馬県,  太田市,77.5 ,84.3 
群馬県,  沼田市,77.5 ,84.5 
群馬県,  館林市,77.0 ,83.5 
群馬県,  渋川市,78.3 ,84.8 
群馬県,  藤岡市,78.3 ,84.6 
群馬県,  富岡市,78.5 ,85.0 
群馬県,  安中市,77.5 ,84.3 
群馬県,  北橘村,78.5 ,84.5 
群馬県,  赤城村,79.1 ,85.1 
群馬県,  富士見村,78.5 ,85.1 
群馬県,  大胡町,78.5 ,84.6 
群馬県,  宮城村,78.3 ,84.9 
群馬県,  粕川村,78.1 ,84.4 
群馬県,  新里村,77.6 ,84.3 
群馬県,  黒保根村,77.0 ,84.5 
群馬県,  東村*,77.1 ,84.4 
群馬県,  榛名町,77.6 ,84.2 
群馬県,  倉渕村,78.1 ,84.6 
群馬県,  箕郷町,77.6 ,84.9 
群馬県,  群馬町,78.9 ,85.4 
群馬県,  子持村,77.5 ,85.0 
群馬県,  小野上村,77.8 ,84.5 
群馬県,  伊香保町,77.7 ,83.9 
群馬県,  榛東村,78.4 ,84.9 
群馬県,  吉岡町,77.5 ,84.8 
群馬県,  新町,77.9 ,84.6 
群馬県,  鬼石町,77.9 ,84.7 
群馬県,  吉井町,78.4 ,85.0 
群馬県,  万場町,77.8 ,84.3 
群馬県,  中里村,78.4 ,85.1 
群馬県,  上野村,78.5 ,84.8 
群馬県,  妙義町,78.6 ,84.5 
群馬県,  下仁田町,77.8 ,84.3 
群馬県,  南牧村,78.3 ,84.6 
群馬県,  甘楽町,78.2 ,84.7 
群馬県,  松井田町,78.1 ,84.8 
群馬県,  中之条町,78.3 ,84.7 
群馬県,  東村**,78.5 ,84.4 
群馬県,  吾妻町,79.4 ,84.1 
群馬県,  長野原町,77.9 ,84.2 
群馬県,  嬬恋村,78.4 ,84.7 
群馬県,  草津町,77.5 ,84.2 
群馬県,  六合村,78.2 ,85.6 
群馬県,  高山村,77.7 ,84.4 
群馬県,  白沢村,78.2 ,85.6 
群馬県,  利根村,77.5 ,84.9 
群馬県,  片品村,77.4 ,83.9 
群馬県,  川場村,79.4 ,86.0 
群馬県,  月夜野町,78.8 ,84.6 
群馬県,  水上町,76.5 ,84.2 
群馬県,  新治村,77.5 ,84.1 
群馬県,  昭和村,77.4 ,84.1 
群馬県,  赤堀町,77.4 ,84.4 
群馬県,  東村***,77.2 ,84.6 
群馬県,  境町,76.9 ,83.9 
群馬県,  玉村町,77.5 ,84.3 
群馬県,  尾島町,77.6 ,83.6 
群馬県,  新田町,77.8 ,83.3 
群馬県,  藪塚本町,76.8 ,84.3 
群馬県,  笠懸町,77.0 ,84.5 
群馬県,  大間々町,77.0 ,83.9 
群馬県,  板倉町,76.5 ,83.6 
群馬県,  明和町,77.6 ,84.2 
群馬県,  千代田町,77.0 ,83.7 
群馬県,  大泉町,77.6 ,84.0 
群馬県,  邑楽町,77.6 ,84.2 
埼玉県,  川越市,78.3 ,84.6 
埼玉県,  熊谷市,77.0 ,84.1 
埼玉県,  川口市,77.4 ,83.8 
埼玉県,  行田市,77.5 ,83.8 
埼玉県,  秩父市,77.0 ,83.3 
埼玉県,  所沢市,79.7 ,85.7 
埼玉県,  飯能市,78.5 ,85.4 
埼玉県,  加須市,77.6 ,83.9 
埼玉県,  本庄市,76.8 ,83.4 
埼玉県,  東松山市,77.8 ,83.4 
埼玉県,  岩槻市,77.7 ,83.9 
埼玉県,  春日部市,78.1 ,83.9 
埼玉県,  狭山市,79.0 ,85.8 
埼玉県,  羽生市,77.4 ,84.3 
埼玉県,  鴻巣市,78.2 ,84.1 
埼玉県,  深谷市,77.1 ,83.9 
埼玉県,  上尾市,78.0 ,84.5 
埼玉県,  草加市,77.8 ,83.9 
埼玉県,  越谷市,77.8 ,83.9 
埼玉県,  蕨市,77.6 ,84.1 
埼玉県,  戸田市,77.7 ,84.2 
埼玉県,  入間市,78.3 ,84.7 
埼玉県,  鳩ヶ谷市,77.5 ,84.4 
埼玉県,  朝霞市,78.6 ,84.5 
埼玉県,  志木市,78.8 ,84.7 
埼玉県,  和光市,78.9 ,84.8 
埼玉県,  新座市,78.6 ,85.4 
埼玉県,  桶川市,78.4 ,84.5 
埼玉県,  久喜市,77.6 ,84.2 
埼玉県,  北本市,78.0 ,84.3 
埼玉県,  八潮市,77.4 ,84.5 
埼玉県,  富士見市,78.5 ,84.3 
埼玉県,  上福岡市,78.6 ,84.8 
埼玉県,  三郷市,77.6 ,84.0 
埼玉県,  蓮田市,77.8 ,84.2 
埼玉県,  坂戸市,77.7 ,84.4 
埼玉県,  幸手市,77.3 ,83.9 
埼玉県,  鶴ヶ島市,78.4 ,85.2 
埼玉県,  日高市,78.0 ,84.9 
埼玉県,  吉川市,77.5 ,83.6 
埼玉県,  さいたま市,78.8 ,84.7 
埼玉県,  伊奈町,78.4 ,84.3 
埼玉県,  吹上町,78.0 ,84.3 
埼玉県,  大井町,78.5 ,84.7 
埼玉県,  三芳町,79.3 ,86.4 
埼玉県,  毛呂山町,77.5 ,83.4 
埼玉県,  越生町,77.3 ,84.2 
埼玉県,  名栗村,77.5 ,82.3 
埼玉県,  滑川町,76.7 ,83.2 
埼玉県,  嵐山町,78.1 ,83.6 
埼玉県,  小川町,76.9 ,83.0 
埼玉県,  都幾川村,76.8 ,83.4 
埼玉県,  玉川村,76.9 ,83.6 
埼玉県,  川島町,77.0 ,84.0 
埼玉県,  吉見町,77.8 ,83.4 
埼玉県,  鳩山町,78.2 ,84.4 
埼玉県,  横瀬町,77.4 ,82.4 
埼玉県,  皆野町,78.0 ,83.5 
埼玉県,  長瀞町,76.8 ,83.9 
埼玉県,  吉田町,77.3 ,83.6 
埼玉県,  小鹿野町,77.0 ,83.5 
埼玉県,  両神村,77.6 ,83.4 
埼玉県,  大滝村,77.5 ,83.7 
埼玉県,  荒川村,76.5 ,83.1 
埼玉県,  東秩父村,77.6 ,83.9 
埼玉県,  美里町,76.9 ,82.6 
埼玉県,  児玉町,76.8 ,82.4 
埼玉県,  神川町,76.8 ,82.7 
埼玉県,  神泉村,77.2 ,83.1 
埼玉県,  上里町,77.2 ,83.1 
埼玉県,  大里村,77.2 ,83.1 
埼玉県,  江南町,77.0 ,83.2 
埼玉県,  妻沼町,76.9 ,83.5 
埼玉県,  岡部町,77.1 ,83.1 
埼玉県,  川本町,77.2 ,82.9 
埼玉県,  花園町,77.2 ,83.1 
埼玉県,  寄居町,77.2 ,83.3 
埼玉県,  騎西町,77.4 ,84.3 
埼玉県,  南河原村,77.0 ,83.9 
埼玉県,  川里町,77.8 ,84.5 
埼玉県,  北川辺町,77.8 ,84.3 
埼玉県,  大利根町,77.6 ,83.9 
埼玉県,  宮代町,78.3 ,84.1 
埼玉県,  白岡町,77.9 ,84.6 
埼玉県,  菖蒲町,77.5 ,83.8 
埼玉県,  栗橋町,78.1 ,84.1 
埼玉県,  鷲宮町,78.1 ,83.7 
埼玉県,  杉戸町,78.1 ,84.3 
埼玉県,  松伏町,77.3 ,83.9 
埼玉県,  庄和町,77.9 ,83.6 
千葉県,  中央区,78.4 ,84.3 
千葉県,  花見川区,78.7 ,84.5 
千葉県,  稲毛区,79.1 ,85.0 
千葉県,  若葉区,78.4 ,84.7 
千葉県,  緑区,79.0 ,84.5 
千葉県,  美浜区,79.3 ,85.0 
千葉県,  銚子市,75.5 ,81.8 
千葉県,  市川市,78.8 ,84.6 
千葉県,  船橋市,78.4 ,84.5 
千葉県,  館山市,76.6 ,84.9 
千葉県,  木更津市,76.8 ,85.0 
千葉県,  松戸市,78.5 ,84.7 
千葉県,  野田市,77.8 ,84.4 
千葉県,  佐原市,76.1 ,83.7 
千葉県,  茂原市,77.3 ,84.8 
千葉県,  成田市,77.8 ,84.3 
千葉県,  佐倉市,78.5 ,84.5 
千葉県,  東金市,77.5 ,83.7 
千葉県,  八日市場市,76.3 ,84.1 
千葉県,  旭市,76.6 ,83.4 
千葉県,  習志野市,78.6 ,84.7 
千葉県,  柏市,78.5 ,84.7 
千葉県,  勝浦市,76.8 ,84.2 
千葉県,  市原市,77.0 ,84.3 
千葉県,  流山市,79.0 ,84.7 
千葉県,  八千代市,78.6 ,85.5 
千葉県,  我孫子市,78.7 ,84.9 
千葉県,  鴨川市,77.1 ,84.2 
千葉県,  鎌ヶ谷市,78.9 ,85.2 
千葉県,  君津市,77.3 ,84.0 
千葉県,  富津市,76.5 ,83.8 
千葉県,  浦安市,78.3 ,84.5 
千葉県,  四街道市,78.6 ,84.5 
千葉県,  袖ヶ浦市,77.9 ,84.2 
千葉県,  八街市,76.6 ,83.5 
千葉県,  印西市,77.7 ,84.0 
千葉県,  白井市,78.5 ,84.4 
千葉県,  関宿町,77.8 ,84.1 
千葉県,  沼南町,78.4 ,84.7 
千葉県,  酒々井町,78.0 ,84.0 
千葉県,  富里町,77.3 ,83.9 
千葉県,  印旛村,77.9 ,84.3 
千葉県,  本埜村,77.9 ,84.1 
千葉県,  栄町,77.8 ,84.4 
千葉県,  下総町,76.1 ,83.7 
千葉県,  神崎町,76.5 ,83.4 
千葉県,  大栄町,76.9 ,83.9 
千葉県,  小見川町,76.7 ,83.8 
千葉県,  山田町,75.8 ,83.5 
千葉県,  栗源町,75.4 ,83.2 
千葉県,  多古町,77.3 ,84.1 
千葉県,  干潟町,75.7 ,83.4 
千葉県,  東庄町,76.4 ,84.2 
千葉県,  海上町,75.9 ,82.7 
千葉県,  飯岡町,75.1 ,83.1 
千葉県,  光町,75.9 ,83.4 
千葉県,  野栄町,75.7 ,83.8 
千葉県,  大網白里町,77.3 ,84.1 
千葉県,  九十九里町,76.7 ,83.4 
千葉県,  成東町,77.0 ,83.9 
千葉県,  山武町,76.6 ,83.6 
千葉県,  蓮沼村,77.2 ,84.2 
千葉県,  松尾町,77.5 ,84.2 
千葉県,  横芝町,77.1 ,83.8 
千葉県,  芝山町,77.4 ,83.8 
千葉県,  一宮町,77.1 ,83.8 
千葉県,  睦沢町,77.0 ,83.8 
千葉県,  長生村,77.8 ,84.5 
千葉県,  白子町,77.0 ,83.9 
千葉県,  長柄町,77.3 ,86.0 
千葉県,  長南町,77.6 ,84.8 
千葉県,  大多喜町,77.5 ,84.7 
千葉県,  夷隅町,77.3 ,84.6 
千葉県,  御宿町,77.1 ,84.0 
千葉県,  大原町,77.1 ,84.2 
千葉県,  岬町,77.1 ,84.4 
千葉県,  富浦町,76.7 ,84.4 
千葉県,  富山町,77.1 ,84.7 
千葉県,  鋸南町,77.1 ,84.3 
千葉県,  三芳村,77.2 ,84.6 
千葉県,  白浜町,76.9 ,84.4 
千葉県,  千倉町,76.3 ,84.3 
千葉県,  丸山町,77.4 ,84.1 
千葉県,  和田町,77.0 ,84.5 
千葉県,  天津小湊町,76.6 ,83.9 
東京都,  千代田区,77.2 ,84.0 
東京都,  中央区,76.8 ,83.6 
東京都,  港区,77.6 ,84.3 
東京都,  新宿区,77.9 ,84.2 
東京都,  文京区,77.6 ,84.0 
東京都,  台東区,75.8 ,83.7 
東京都,  墨田区,76.3 ,83.1 
東京都,  江東区,76.5 ,83.3 
東京都,  品川区,77.6 ,84.3 
東京都,  目黒区,79.5 ,85.3 
東京都,  大田区,77.4 ,84.4 
東京都,  世田谷区,79.7 ,85.2 
東京都,  渋谷区,79.2 ,85.3 
東京都,  中野区,78.0 ,84.6 
東京都,  杉並区,79.0 ,85.0 
東京都,  豊島区,78.0 ,84.3 
東京都,  北区,77.0 ,84.2 
東京都,  荒川区,76.0 ,83.2 
東京都,  板橋区,77.9 ,84.4 
東京都,  練馬区,78.7 ,84.5 
東京都,  足立区,76.3 ,83.3 
東京都,  葛飾区,76.5 ,83.5 
東京都,  江戸川区,77.0 ,83.6 
東京都,  八王子市,78.5 ,84.9 
東京都,  立川市,77.8 ,84.1 
東京都,  武蔵野市,79.2 ,85.4 
東京都,  三鷹市,80.2 ,85.4 
東京都,  青梅市,77.1 ,83.8 
東京都,  府中市,79.0 ,84.8 
東京都,  昭島市,77.6 ,83.6 
東京都,  調布市,79.1 ,85.0 
東京都,  町田市,79.0 ,85.1 
東京都,  小金井市,79.5 ,85.2 
東京都,  小平市,78.8 ,84.8 
東京都,  日野市,79.2 ,85.3 
東京都,  東村山市,78.2 ,85.1 
東京都,  国分寺市,79.5 ,85.0 
東京都,  国立市,78.9 ,84.3 
東京都,  福生市,77.2 ,83.1 
東京都,  狛江市,79.3 ,85.0 
東京都,  東大和市,78.1 ,84.3 
東京都,  清瀬市,78.7 ,85.8 
東京都,  東久留米市,79.1 ,84.7 
東京都,  武蔵村山市,77.0 ,83.1 
東京都,  多摩市,79.0 ,85.2 
東京都,  稲城市,79.0 ,85.1 
東京都,  羽村市,77.8 ,83.1 
東京都,  あきる野市,78.0 ,83.7 
東京都,  西東京市,78.7 ,84.8 
東京都,  瑞穂町,76.1 ,84.0 
東京都,  日の出町,76.7 ,82.8 
東京都,  檜原村,76.5 ,82.6 
東京都,  奥多摩町,75.1 ,82.0 
東京都,  大島町,76.9 ,83.8 
東京都,  利島村,77.0 ,83.6 
東京都,  新島村,77.7 ,83.9 
東京都,  神津島村,77.1 ,83.0 
東京都,  御蔵島村,77.1 ,83.5 
東京都,  八丈町,76.8 ,83.9 
東京都,  青ヶ島村,77.1 ,83.5 
東京都,  小笠原村,77.2 ,83.7 
神奈川県,  鶴見区,77.2 ,84.2 
神奈川県,  神奈川区,78.2 ,84.7 
神奈川県,  西区,77.7 ,84.3 
神奈川県,  中区,74.1 ,84.0 
神奈川県,  南区,77.2 ,84.0 
神奈川県,  保土ヶ谷区,78.1 ,84.4 
神奈川県,  磯子区,78.1 ,84.3 
神奈川県,  金沢区,79.3 ,84.8 
神奈川県,  港北区,79.1 ,85.0 
神奈川県,  戸塚区,78.9 ,85.5 
神奈川県,  港南区,78.9 ,84.5 
神奈川県,  旭区,78.7 ,85.2 
神奈川県,  緑区,79.5 ,86.4 
神奈川県,  瀬谷区,78.3 ,84.8 
神奈川県,  栄区,79.4 ,85.2 
神奈川県,  泉区,79.1 ,85.2 
神奈川県,  青葉区,80.3 ,85.8 
神奈川県,  都筑区,79.6 ,85.2 
神奈川県,  川崎区,75.1 ,83.5 
神奈川県,  幸区,76.9 ,84.0 
神奈川県,  中原区,78.0 ,84.2 
神奈川県,  高津区,78.0 ,84.6 
神奈川県,  多摩区,78.8 ,84.5 
神奈川県,  宮前区,78.4 ,85.0 
神奈川県,  麻生区,79.6 ,85.6 
神奈川県,  横須賀市,77.7 ,84.1 
神奈川県,  平塚市,78.1 ,84.6 
神奈川県,  鎌倉市,78.6 ,84.7 
神奈川県,  藤沢市,78.8 ,85.0 
神奈川県,  小田原市,77.2 ,83.9 
神奈川県,  茅ヶ崎市,78.8 ,85.3 
神奈川県,  逗子市,78.4 ,84.9 
神奈川県,  相模原市,78.5 ,85.3 
神奈川県,  三浦市,77.5 ,84.2 
神奈川県,  秦野市,78.6 ,85.2 
神奈川県,  厚木市,78.4 ,84.5 
神奈川県,  大和市,78.0 ,84.2 
神奈川県,  伊勢原市,78.7 ,84.7 
神奈川県,  海老名市,78.2 ,85.1 
神奈川県,  座間市,78.2 ,84.8 
神奈川県,  南足柄市,77.1 ,84.2 
神奈川県,  綾瀬市,78.0 ,84.6 
神奈川県,  葉山町,78.5 ,84.5 
神奈川県,  寒川町,78.6 ,85.0 
神奈川県,  大磯町,78.2 ,85.1 
神奈川県,  二宮町,78.3 ,84.5 
神奈川県,  中井町,77.3 ,84.5 
神奈川県,  大井町,76.7 ,84.6 
神奈川県,  松田町,77.0 ,84.3 
神奈川県,  山北町,77.1 ,84.4 
神奈川県,  開成町,77.9 ,85.9 
神奈川県,  箱根町,77.2 ,84.2 
神奈川県,  真鶴町,76.1 ,84.1 
神奈川県,  湯河原町,76.7 ,84.2 
神奈川県,  愛川町,77.5 ,83.5 
神奈川県,  清川村,78.0 ,84.5 
神奈川県,  城山町,78.7 ,85.0 
神奈川県,  津久井町,78.5 ,84.6 
神奈川県,  相模湖町,78.3 ,85.2 
神奈川県,  藤野町,78.5 ,86.0 
新潟県,  新潟市,78.3 ,85.4 
新潟県,  長岡市,78.1 ,85.1 
新潟県,  三条市,77.4 ,85.0 
新潟県,  柏崎市,78.3 ,85.5 
新潟県,  新発田市,77.9 ,84.2 
新潟県,  新津市,78.6 ,86.5 
新潟県,  小千谷市,78.1 ,85.7 
新潟県,  加茂市,77.1 ,84.6 
新潟県,  十日町市,77.9 ,84.8 
新潟県,  見附市,77.4 ,84.9 
新潟県,  村上市,77.3 ,85.0 
新潟県,  燕市,77.0 ,85.1 
新潟県,  栃尾市,77.9 ,84.7 
新潟県,  糸魚川市,77.2 ,85.2 
新潟県,  新井市,77.5 ,84.5 
新潟県,  五泉市,78.1 ,85.3 
新潟県,  両津市,77.2 ,84.2 
新潟県,  白根市,76.6 ,85.3 
新潟県,  豊栄市,77.0 ,85.1 
新潟県,  上越市,77.4 ,85.5 
新潟県,  安田町,77.4 ,85.5 
新潟県,  京ヶ瀬村,77.1 ,84.8 
新潟県,  水原町,77.5 ,84.9 
新潟県,  笹神村,76.5 ,84.3 
新潟県,  豊浦町,76.8 ,83.4 
新潟県,  聖籠町,76.7 ,85.3 
新潟県,  加治川村,77.5 ,84.3 
新潟県,  紫雲寺町,77.4 ,85.3 
新潟県,  中条町,77.0 ,84.5 
新潟県,  黒川村,77.2 ,85.4 
新潟県,  小須戸町,77.2 ,85.0 
新潟県,  村松町,77.4 ,86.0 
新潟県,  横越町,77.5 ,85.3 
新潟県,  亀田町,77.2 ,85.7 
新潟県,  岩室村,77.3 ,85.7 
新潟県,  弥彦村,76.8 ,84.4 
新潟県,  分水町,76.4 ,85.3 
新潟県,  吉田町,77.4 ,84.8 
新潟県,  巻町,77.1 ,84.8 
新潟県,  西川町,77.0 ,85.1 
新潟県,  味方村,77.2 ,85.5 
新潟県,  潟東村,78.1 ,85.9 
新潟県,  月潟村,77.7 ,84.4 
新潟県,  中之口村,76.8 ,85.2 
新潟県,  田上町,77.4 ,85.4 
新潟県,  下田村,77.0 ,84.4 
新潟県,  栄町,76.9 ,84.0 
新潟県,  中之島町,77.4 ,85.0 
新潟県,  津川町,77.2 ,85.1 
新潟県,  鹿瀬町,76.8 ,85.5 
新潟県,  上川村,76.9 ,84.6 
新潟県,  三川村,77.6 ,86.0 
新潟県,  越路町,78.2 ,85.6 
新潟県,  三島町,78.0 ,85.4 
新潟県,  与板町,78.0 ,85.5 
新潟県,  和島村,77.5 ,85.2 
新潟県,  出雲崎町,77.8 ,85.0 
新潟県,  寺泊町,78.2 ,84.7 
新潟県,  山古志村,78.2 ,83.8 
新潟県,  川口町,77.3 ,85.4 
新潟県,  堀之内町,78.3 ,85.8 
新潟県,  小出町,77.9 ,86.6 
新潟県,  湯之谷村,78.1 ,86.1 
新潟県,  広神村,76.3 ,85.8 
新潟県,  守門村,75.9 ,85.2 
新潟県,  入広瀬村,78.0 ,85.7 
新潟県,  湯沢町,78.8 ,86.2 
新潟県,  塩沢町,78.4 ,85.7 
新潟県,  六日町,79.0 ,86.3 
新潟県,  大和町,77.3 ,85.3 
新潟県,  川西町,78.0 ,84.6 
新潟県,  津南町,79.4 ,85.8 
新潟県,  中里村,77.6 ,85.8 
新潟県,  高柳町,77.9 ,85.2 
新潟県,  小国町,77.8 ,85.6 
新潟県,  刈羽村,78.2 ,85.4 
新潟県,  西山町,78.1 ,84.3 
新潟県,  安塚町,77.3 ,85.1 
新潟県,  浦川原村,77.2 ,85.8 
新潟県,  松代町,77.0 ,85.7 
新潟県,  松之山町,77.4 ,85.9 
新潟県,  大島村,77.7 ,85.3 
新潟県,  牧村,77.2 ,84.7 
新潟県,  柿崎町,77.5 ,84.5 
新潟県,  大潟町,76.6 ,85.6 
新潟県,  頸城村,77.4 ,84.5 
新潟県,  吉川町,77.0 ,85.5 
新潟県,  妙高高原町,77.4 ,85.5 
新潟県,  中郷村,76.7 ,85.2 
新潟県,  妙高村,77.1 ,85.8 
新潟県,  板倉町,76.8 ,86.1 
新潟県,  清里村,76.7 ,85.4 
新潟県,  三和村,76.8 ,85.1 
新潟県,  名立町,78.0 ,85.4 
新潟県,  能生町,77.2 ,85.1 
新潟県,  青海町,78.2 ,86.4 
新潟県,  関川村,77.0 ,85.9 
新潟県,  荒川町,77.1 ,85.4 
新潟県,  神林村,76.4 ,84.6 
新潟県,  朝日村,76.5 ,84.8 
新潟県,  山北町,76.8 ,85.6 
新潟県,  粟島浦村,77.3 ,85.3 
新潟県,  相川町,76.3 ,84.7 
新潟県,  佐和田町,78.2 ,84.8 
新潟県,  金井町,77.6 ,85.6 
新潟県,  新穂村,78.3 ,85.1 
新潟県,  畑野町,77.5 ,85.2 
新潟県,  真野町,78.0 ,85.2 
新潟県,  小木町,77.9 ,85.4 
新潟県,  羽茂町,78.3 ,85.0 
新潟県,  赤泊村,78.4 ,84.9 
富山県,  富山市,78.0 ,85.2 
富山県,  高岡市,78.8 ,84.9 
富山県,  新湊市,77.5 ,84.4 
富山県,  魚津市,77.6 ,85.6 
富山県,  氷見市,77.9 ,84.4 
富山県,  滑川市,76.7 ,84.9 
富山県,  黒部市,78.4 ,86.2 
富山県,  砺波市,78.9 ,86.2 
富山県,  小矢部市,78.3 ,85.4 
富山県,  大沢野町,77.7 ,84.4 
富山県,  大山町,77.5 ,84.9 
富山県,  舟橋村,77.8 ,85.2 
富山県,  上市町,77.9 ,84.9 
富山県,  立山町,77.5 ,85.0 
富山県,  宇奈月町,77.5 ,84.5 
富山県,  入善町,78.2 ,85.2 
富山県,  朝日町,77.5 ,85.1 
富山県,  八尾町,77.3 ,84.8 
富山県,  婦中町,77.7 ,86.1 
富山県,  山田村,78.0 ,85.2 
富山県,  細入村,77.8 ,84.9 
富山県,  小杉町,78.6 ,85.0 
富山県,  大門町,77.9 ,85.5 
富山県,  下村,78.0 ,85.0 
富山県,  大島町,78.3 ,86.3 
富山県,  城端町,78.5 ,85.1 
富山県,  平村,78.4 ,85.7 
富山県,  上平村,78.4 ,85.4 
富山県,  利賀村,78.3 ,85.2 
富山県,  庄川町,78.7 ,85.7 
富山県,  井波町,78.8 ,85.1 
富山県,  井口村,78.4 ,85.2 
富山県,  福野町,78.6 ,85.8 
富山県,  福光町,78.3 ,85.2 
富山県,  福岡町,78.8 ,85.3 
石川県,  金沢市,78.5 ,85.4 
石川県,  七尾市,77.1 ,84.8 
石川県,  小松市,78.0 ,84.6 
石川県,  輪島市,76.9 ,84.3 
石川県,  珠洲市,76.5 ,84.3 
石川県,  加賀市,77.5 ,84.3 
石川県,  羽咋市,77.9 ,85.1 
石川県,  松任市,78.0 ,85.2 
石川県,  山中町,77.6 ,85.4 
石川県,  根上町,78.2 ,85.2 
石川県,  寺井町,78.9 ,85.5 
石川県,  辰口町,78.5 ,85.9 
石川県,  川北町,78.3 ,85.1 
石川県,  美川町,78.4 ,85.1 
石川県,  鶴来町,78.2 ,85.6 
石川県,  野々市町,78.6 ,85.6 
石川県,  河内村,77.8 ,85.0 
石川県,  吉野谷村,77.9 ,84.6 
石川県,  鳥越村,78.2 ,85.0 
石川県,  尾口村,78.1 ,83.7 
石川県,  白峰村,78.2 ,85.2 
石川県,  津幡町,78.1 ,85.3 
石川県,  高松町,78.1 ,84.8 
石川県,  七塚町,77.8 ,85.1 
石川県,  宇ノ気町,78.4 ,85.6 
石川県,  内灘町,78.0 ,86.0 
石川県,  富来町,78.0 ,85.7 
石川県,  志雄町,76.7 ,84.9 
石川県,  志賀町,76.0 ,84.3 
石川県,  押水町,76.8 ,84.3 
石川県,  田鶴浜町,77.4 ,84.2 
石川県,  鳥屋町,77.1 ,83.9 
石川県,  中島町,77.6 ,85.1 
石川県,  鹿島町,77.4 ,84.2 
石川県,  能登島町,77.0 ,84.9 
石川県,  鹿西町,78.0 ,84.1 
石川県,  穴水町,76.6 ,83.8 
石川県,  門前町,77.1 ,85.1 
石川県,  能都町,76.5 ,83.0 
石川県,  柳田村,77.1 ,85.7 
石川県,  内浦町,76.8 ,85.4 
福井県,  福井市,78.8 ,85.7 
福井県,  敦賀市,78.1 ,85.3 
福井県,  武生市,78.9 ,85.4 
福井県,  小浜市,78.0 ,85.3 
福井県,  大野市,77.9 ,84.9 
福井県,  勝山市,78.6 ,85.8 
福井県,  鯖江市,79.2 ,85.5 
福井県,  美山町,78.1 ,85.3 
福井県,  松岡町,78.2 ,85.0 
福井県,  永平寺町,78.6 ,85.3 
福井県,  上志比村,78.3 ,85.3 
福井県,  和泉村,78.4 ,84.9 
福井県,  三国町,77.9 ,85.4 
福井県,  芦原町,78.2 ,84.7 
福井県,  金津町,78.5 ,85.2 
福井県,  丸岡町,79.4 ,85.4 
福井県,  春江町,79.2 ,85.5 
福井県,  坂井町,79.3 ,86.4 
福井県,  今立町,78.5 ,85.7 
福井県,  池田町,79.0 ,84.9 
福井県,  南条町,77.7 ,85.4 
福井県,  今庄町,79.2 ,85.4 
福井県,  河野村,76.7 ,85.0 
福井県,  朝日町,78.4 ,86.1 
福井県,  宮崎村,78.7 ,85.1 
福井県,  越前町,77.2 ,84.0 
福井県,  越廼村,78.5 ,85.9 
福井県,  織田町,78.0 ,85.6 
福井県,  清水町,78.4 ,85.5 
福井県,  三方町,78.5 ,85.3 
福井県,  美浜町,78.0 ,85.1 
福井県,  上中町,78.2 ,84.7 
福井県,  名田庄村,76.9 ,84.4 
福井県,  高浜町,78.1 ,85.5 
福井県,  大飯町,78.9 ,85.4 
山梨県,  甲府市,78.3 ,85.5 
山梨県,  富士吉田市,76.8 ,84.4 
山梨県,  塩山市,78.1 ,85.1 
山梨県,  都留市,77.4 ,85.0 
山梨県,  山梨市,77.5 ,85.0 
山梨県,  大月市,77.6 ,84.3 
山梨県,  韮崎市,78.3 ,85.1 
山梨県,  春日居町,78.3 ,85.5 
山梨県,  牧丘町,77.5 ,85.4 
山梨県,  三富村,77.5 ,85.9 
山梨県,  勝沼町,77.9 ,85.3 
山梨県,  大和村,77.8 ,84.4 
山梨県,  石和町,77.1 ,85.2 
山梨県,  御坂町,77.5 ,85.8 
山梨県,  一宮町,78.1 ,86.9 
山梨県,  八代町,78.8 ,84.4 
山梨県,  境川村,78.1 ,85.0 
山梨県,  中道町,77.9 ,84.8 
山梨県,  芦川村,78.2 ,85.6 
山梨県,  豊富村,78.0 ,85.4 
山梨県,  上九一色村,77.0 ,85.4 
山梨県,  三珠町,79.3 ,86.3 
山梨県,  市川大門町,79.0 ,85.3 
山梨県,  六郷町,77.3 ,85.2 
山梨県,  下部町,75.0 ,85.2 
山梨県,  増穂町,79.1 ,85.9 
山梨県,  鰍沢町,77.6 ,86.0 
山梨県,  中富町,76.7 ,86.1 
山梨県,  早川町,76.7 ,83.8 
山梨県,  身延町,77.2 ,84.8 
山梨県,  南部町,79.0 ,86.2 
山梨県,  富沢町,78.8 ,85.0 
山梨県,  竜王町,78.1 ,86.0 
山梨県,  敷島町,77.6 ,85.0 
山梨県,  玉穂町,78.7 ,86.2 
山梨県,  昭和町,77.6 ,85.2 
山梨県,  田富町,78.1 ,85.4 
山梨県,  八田村,78.3 ,84.9 
山梨県,  白根町,78.3 ,84.6 
山梨県,  芦安村,78.1 ,85.6 
山梨県,  若草町,79.0 ,85.4 
山梨県,  櫛形町,78.0 ,84.7 
山梨県,  甲西町,78.2 ,85.5 
山梨県,  双葉町,78.9 ,84.9 
山梨県,  明野村,77.0 ,82.8 
山梨県,  須玉町,78.0 ,84.8 
山梨県,  高根町,77.6 ,84.9 
山梨県,  長坂町,77.4 ,84.6 
山梨県,  大泉村,78.9 ,84.1 
山梨県,  小淵沢町,79.2 ,86.1 
山梨県,  白州町,79.1 ,86.4 
山梨県,  武川村,77.3 ,84.7 
山梨県,  秋山村,77.7 ,84.8 
山梨県,  道志村,77.6 ,84.6 
山梨県,  西桂町,77.8 ,84.6 
山梨県,  忍野村,77.2 ,84.8 
山梨県,  山中湖村,77.6 ,84.7 
山梨県,  河口湖町,78.4 ,84.4 
山梨県,  勝山村,77.6 ,85.3 
山梨県,  足和田村,78.2 ,85.0 
山梨県,  鳴沢村,77.1 ,84.1 
山梨県,  上野原町,78.6 ,84.5 
山梨県,  小菅村,77.7 ,84.7 
山梨県,  丹波山村,77.7 ,84.6 
長野県,  長野市,79.3 ,85.3 
長野県,  松本市,79.0 ,85.4 
長野県,  上田市,79.3 ,84.7 
長野県,  岡谷市,79.0 ,84.8 
長野県,  飯田市,78.6 ,85.4 
長野県,  諏訪市,79.7 ,85.9 
長野県,  須坂市,79.5 ,85.0 
長野県,  小諸市,78.4 ,84.6 
長野県,  伊那市,79.3 ,85.5 
長野県,  駒ヶ根市,79.0 ,85.0 
長野県,  中野市,78.9 ,85.5 
長野県,  大町市,78.2 ,84.9 
長野県,  飯山市,78.0 ,84.3 
長野県,  茅野市,79.1 ,85.4 
長野県,  塩尻市,79.5 ,85.3 
長野県,  更埴市,78.6 ,85.9 
長野県,  佐久市,79.8 ,85.3 
長野県,  臼田町,78.1 ,85.3 
長野県,  佐久町,78.6 ,85.8 
長野県,  小海町,78.4 ,85.7 
長野県,  川上村,79.4 ,85.0 
長野県,  南牧村,79.0 ,85.4 
長野県,  南相木村,78.7 ,84.6 
長野県,  北相木村,79.0 ,85.4 
長野県,  八千穂村,79.4 ,85.2 
長野県,  軽井沢町,78.4 ,85.6 
長野県,  望月町,78.9 ,85.1 
長野県,  御代田町,79.1 ,84.6 
長野県,  立科町,78.1 ,84.8 
長野県,  浅科村,78.5 ,85.2 
長野県,  北御牧村,79.1 ,85.7 
長野県,  丸子町,79.5 ,85.6 
長野県,  長門町,79.7 ,85.8 
長野県,  東部町,79.6 ,85.1 
長野県,  真田町,79.1 ,85.3 
長野県,  武石村,79.2 ,85.3 
長野県,  和田村,79.0 ,85.6 
長野県,  青木村,79.5 ,84.7 
長野県,  下諏訪町,78.4 ,85.0 
長野県,  富士見町,79.1 ,85.6 
長野県,  原村,79.4 ,85.4 
長野県,  高遠町,78.7 ,85.9 
長野県,  辰野町,78.8 ,85.6 
長野県,  箕輪町,78.9 ,84.5 
長野県,  飯島町,79.1 ,84.7 
長野県,  南箕輪村,78.4 ,85.2 
長野県,  中川村,78.8 ,85.4 
長野県,  長谷村,78.6 ,83.9 
長野県,  宮田村,78.7 ,86.4 
長野県,  松川町,79.3 ,85.6 
長野県,  高森町,79.3 ,86.0 
長野県,  阿南町,77.3 ,85.3 
長野県,  清内路村,79.2 ,85.3 
長野県,  阿智村,77.6 ,86.1 
長野県,  浪合村,79.2 ,85.6 
長野県,  平谷村,78.8 ,85.8 
長野県,  根羽村,78.3 ,84.8 
長野県,  下條村,80.1 ,84.4 
長野県,  売木村,78.7 ,85.5 
長野県,  天龍村,78.8 ,80.9 
長野県,  泰阜村,78.3 ,83.1 
長野県,  喬木村,77.9 ,85.9 
長野県,  豊丘村,78.3 ,85.4 
長野県,  大鹿村,78.9 ,85.1 
長野県,  上村,79.2 ,85.6 
長野県,  南信濃村,78.8 ,85.3 
長野県,  木曽福島町,78.0 ,85.2 
長野県,  上松町,78.4 ,85.5 
長野県,  南木曽町,78.6 ,84.5 
長野県,  楢川村,78.5 ,85.4 
長野県,  木祖村,78.6 ,85.0 
長野県,  日義村,78.1 ,85.7 
長野県,  開田村,78.1 ,85.5 
長野県,  三岳村,78.0 ,84.9 
長野県,  王滝村,78.8 ,85.4 
長野県,  大桑村,78.5 ,85.1 
長野県,  山口村,78.9 ,85.3 
長野県,  明科町,79.0 ,85.1 
長野県,  四賀村,78.0 ,84.3 
長野県,  本城村,77.9 ,86.0 
長野県,  坂北村,78.3 ,84.8 
長野県,  麻績村,79.0 ,85.0 
長野県,  坂井村,78.1 ,85.2 
長野県,  生坂村,78.6 ,85.2 
長野県,  波田町,78.3 ,85.9 
長野県,  山形村,79.5 ,85.2 
長野県,  朝日村,79.1 ,85.1 
長野県,  豊科町,78.9 ,85.4 
長野県,  穂高町,78.3 ,85.1 
長野県,  奈川村,78.4 ,85.3 
長野県,  安曇村,78.5 ,85.0 
長野県,  梓川村,78.9 ,84.7 
長野県,  三郷村,78.1 ,85.1 
長野県,  堀金村,77.4 ,84.6 
長野県,  池田町,78.6 ,84.0 
長野県,  松川村,78.5 ,84.7 
長野県,  八坂村,78.4 ,84.5 
長野県,  美麻村,78.3 ,85.9 
長野県,  白馬村,79.1 ,85.2 
長野県,  小谷村,77.5 ,86.0 
長野県,  上山田町,78.7 ,85.5 
長野県,  大岡村,78.9 ,85.3 
長野県,  坂城町,78.5 ,85.2 
長野県,  戸倉町,78.2 ,85.0 
長野県,  小布施町,79.0 ,85.1 
長野県,  高山村,79.4 ,85.6 
長野県,  山ノ内町,78.9 ,85.0 
長野県,  木島平村,78.4 ,84.4 
長野県,  野沢温泉村,78.4 ,85.1 
長野県,  信州新町,79.4 ,85.0 
長野県,  豊野町,79.4 ,85.7 
長野県,  信濃町,78.5 ,85.0 
長野県,  牟礼村,78.9 ,85.6 
長野県,  三水村,79.3 ,85.2 
長野県,  戸隠村,79.0 ,85.1 
長野県,  鬼無里村,79.4 ,85.3 
長野県,  小川村,78.9 ,84.7 
長野県,  中条村,79.1 ,85.3 
長野県,  豊田村,78.8 ,85.7 
長野県,  栄村,79.0 ,85.4 
岐阜県,  岐阜市,77.3 ,83.3 
岐阜県,  大垣市,78.0 ,84.5 
岐阜県,  高山市,78.1 ,84.6 
岐阜県,  多治見市,78.6 ,85.2 
岐阜県,  関市,78.3 ,85.4 
岐阜県,  中津川市,78.5 ,85.0 
岐阜県,  美濃市,77.8 ,84.2 
岐阜県,  瑞浪市,78.0 ,85.1 
岐阜県,  羽島市,77.5 ,82.7 
岐阜県,  恵那市,78.0 ,85.0 
岐阜県,  美濃加茂市,78.6 ,85.4 
岐阜県,  土岐市,78.4 ,84.9 
岐阜県,  各務原市,78.4 ,84.1 
岐阜県,  可児市,79.3 ,85.1 
岐阜県,  川島町,77.3 ,83.4 
岐阜県,  岐南町,77.4 ,82.9 
岐阜県,  笠松町,77.6 ,83.6 
岐阜県,  柳津町,78.0 ,83.6 
岐阜県,  海津町,77.5 ,83.7 
岐阜県,  平田町,77.1 ,83.2 
岐阜県,  南濃町,78.0 ,83.5 
岐阜県,  養老町,77.6 ,83.5 
岐阜県,  上石津町,78.2 ,84.6 
岐阜県,  垂井町,77.4 ,83.5 
岐阜県,  関ヶ原町,77.6 ,85.0 
岐阜県,  神戸町,78.0 ,83.9 
岐阜県,  輪之内町,77.9 ,83.7 
岐阜県,  安八町,77.5 ,84.5 
岐阜県,  墨俣町,78.1 ,83.8 
岐阜県,  揖斐川町,78.0 ,84.6 
岐阜県,  谷汲村,77.5 ,84.1 
岐阜県,  大野町,77.8 ,84.4 
岐阜県,  池田町,77.6 ,84.5 
岐阜県,  春日村,77.9 ,84.2 
岐阜県,  久瀬村,77.7 ,84.3 
岐阜県,  藤橋村,78.0 ,84.5 
岐阜県,  坂内村,77.8 ,84.4 
岐阜県,  北方町,77.8 ,83.9 
岐阜県,  本巣町,77.9 ,83.7 
岐阜県,  穂積町,78.0 ,83.5 
岐阜県,  巣南町,78.1 ,83.9 
岐阜県,  真正町,77.7 ,83.3 
岐阜県,  糸貫町,77.7 ,83.8 
岐阜県,  根尾村,77.7 ,83.4 
岐阜県,  高富町,77.3 ,82.8 
岐阜県,  伊自良村,77.6 ,82.9 
岐阜県,  美山町,77.2 ,83.0 
岐阜県,  洞戸村,78.1 ,85.2 
岐阜県,  板取村,78.7 ,85.2 
岐阜県,  武芸川町,79.2 ,84.9 
岐阜県,  武儀町,78.5 ,84.3 
岐阜県,  上之保村,79.7 ,84.9 
岐阜県,  八幡町,79.0 ,85.0 
岐阜県,  大和町,78.0 ,83.5 
岐阜県,  白鳥町,78.6 ,85.6 
岐阜県,  高鷲村,78.8 ,85.4 
岐阜県,  美並村,78.3 ,85.2 
岐阜県,  明宝村,79.6 ,85.0 
岐阜県,  和良村,80.6 ,84.4 
岐阜県,  坂祝町,77.5 ,84.7 
岐阜県,  富加町,79.2 ,85.5 
岐阜県,  川辺町,78.8 ,84.3 
岐阜県,  七宗町,78.9 ,84.9 
岐阜県,  八百津町,77.9 ,84.2 
岐阜県,  白川町,79.3 ,85.0 
岐阜県,  東白川村,78.5 ,85.8 
岐阜県,  御嵩町,78.7 ,85.1 
岐阜県,  兼山町,79.1 ,84.0 
岐阜県,  笠原町,77.3 ,84.2 
岐阜県,  坂下町,78.4 ,86.2 
岐阜県,  川上村,77.4 ,84.7 
岐阜県,  加子母村,78.6 ,85.1 
岐阜県,  付知町,77.6 ,84.5 
岐阜県,  福岡町,78.2 ,85.2 
岐阜県,  蛭川村,77.5 ,85.1 
岐阜県,  岩村町,78.2 ,84.6 
岐阜県,  山岡町,78.0 ,84.7 
岐阜県,  明智町,76.8 ,85.7 
岐阜県,  串原村,78.5 ,85.7 
岐阜県,  上矢作町,78.5 ,85.0 
岐阜県,  萩原町,79.5 ,85.1 
岐阜県,  小坂町,78.8 ,85.3 
岐阜県,  下呂町,77.4 ,85.1 
岐阜県,  金山町,79.0 ,84.7 
岐阜県,  馬瀬村,78.8 ,84.4 
岐阜県,  丹生川村,79.2 ,84.4 
岐阜県,  清見村,78.7 ,83.8 
岐阜県,  荘川村,78.9 ,84.5 
岐阜県,  白川村,79.1 ,84.9 
岐阜県,  宮村,78.5 ,85.0 
岐阜県,  久々野町,78.9 ,86.0 
岐阜県,  朝日村,78.3 ,85.2 
岐阜県,  高根村,78.6 ,85.2 
岐阜県,  古川町,79.0 ,84.0 
岐阜県,  国府町,80.4 ,85.9 
岐阜県,  河合村,79.2 ,85.1 
岐阜県,  宮川村,78.7 ,84.8 
岐阜県,  神岡町,79.4 ,85.8 
岐阜県,  上宝村,78.5 ,84.8 
静岡県,  静岡市,78.3 ,84.9 
静岡県,  浜松市,79.0 ,85.3 
静岡県,  沼津市,77.3 ,84.0 
静岡県,  清水市,77.1 ,84.7 
静岡県,  熱海市,75.9 ,83.3 
静岡県,  三島市,77.6 ,84.8 
静岡県,  富士宮市,76.5 ,84.0 
静岡県,  伊東市,76.1 ,84.0 
静岡県,  島田市,79.0 ,84.8 
静岡県,  富士市,77.1 ,84.4 
静岡県,  磐田市,79.0 ,85.5 
静岡県,  焼津市,78.2 ,84.9 
静岡県,  掛川市,79.6 ,85.7 
静岡県,  藤枝市,79.5 ,85.4 
静岡県,  御殿場市,77.5 ,85.4 
静岡県,  袋井市,79.6 ,85.1 
静岡県,  天竜市,80.0 ,86.3 
静岡県,  浜北市,79.8 ,86.2 
静岡県,  下田市,77.1 ,84.1 
静岡県,  裾野市,77.2 ,83.6 
静岡県,  湖西市,79.1 ,85.0 
静岡県,  東伊豆町,77.0 ,83.9 
静岡県,  河津町,77.9 ,84.7 
静岡県,  南伊豆町,77.6 ,85.1 
静岡県,  松崎町,77.2 ,84.5 
静岡県,  西伊豆町,77.1 ,84.9 
静岡県,  賀茂村,77.4 ,84.1 
静岡県,  伊豆長岡町,77.0 ,84.4 
静岡県,  修善寺町,77.6 ,84.8 
静岡県,  戸田村,77.4 ,84.2 
静岡県,  土肥町,77.3 ,84.2 
静岡県,  函南町,77.3 ,84.5 
静岡県,  韮山町,77.5 ,85.2 
静岡県,  大仁町,77.9 ,84.4 
静岡県,  天城湯ヶ島町,77.3 ,84.9 
静岡県,  中伊豆町,77.8 ,84.9 
静岡県,  清水町,76.7 ,84.6 
静岡県,  長泉町,78.0 ,84.5 
静岡県,  小山町,77.4 ,84.5 
静岡県,  芝川町,76.6 ,84.1 
静岡県,  富士川町,77.4 ,84.6 
静岡県,  蒲原町,77.3 ,84.4 
静岡県,  由比町,77.7 ,84.6 
静岡県,  岡部町,79.0 ,84.7 
静岡県,  大井川町,78.2 ,84.2 
静岡県,  御前崎町,78.9 ,84.9 
静岡県,  相良町,77.8 ,85.6 
静岡県,  榛原町,78.7 ,85.1 
静岡県,  吉田町,78.8 ,84.5 
静岡県,  金谷町,79.2 ,85.6 
静岡県,  川根町,79.0 ,84.8 
静岡県,  中川根町,79.2 ,85.0 
静岡県,  本川根町,78.4 ,84.9 
静岡県,  大須賀町,79.4 ,85.2 
静岡県,  浜岡町,79.1 ,85.1 
静岡県,  小笠町,79.4 ,85.0 
静岡県,  菊川町,79.4 ,85.9 
静岡県,  大東町,79.9 ,86.0 
静岡県,  森町,79.6 ,86.2 
静岡県,  春野町,79.4 ,84.7 
静岡県,  浅羽町,78.9 ,84.9 
静岡県,  福田町,78.9 ,86.4 
静岡県,  竜洋町,78.5 ,85.1 
静岡県,  豊田町,79.1 ,85.4 
静岡県,  豊岡村,79.4 ,86.0 
静岡県,  龍山村,78.8 ,85.4 
静岡県,  佐久間町,78.9 ,86.1 
静岡県,  水窪町,78.6 ,85.3 
静岡県,  舞阪町,79.2 ,85.5 
静岡県,  新居町,78.9 ,85.4 
静岡県,  雄踏町,79.0 ,85.5 
静岡県,  細江町,79.3 ,85.6 
静岡県,  引佐町,79.5 ,85.8 
静岡県,  三ヶ日町,79.2 ,86.3 
愛知県,  千種区,78.3 ,84.6 
愛知県,  東区,77.6 ,84.1 
愛知県,  北区,77.1 ,83.9 
愛知県,  西区,77.5 ,83.7 
愛知県,  中村区,76.3 ,83.5 
愛知県,  中区,77.5 ,83.7 
愛知県,  昭和区,78.4 ,84.2 
愛知県,  瑞穂区,77.8 ,84.3 
愛知県,  熱田区,77.1 ,83.9 
愛知県,  中川区,77.2 ,84.0 
愛知県,  港区,76.7 ,83.8 
愛知県,  南区,77.0 ,84.1 
愛知県,  守山区,78.0 ,84.2 
愛知県,  緑区,78.2 ,84.3 
愛知県,  名東区,78.9 ,84.5 
愛知県,  天白区,78.8 ,84.4 
愛知県,  豊橋市,78.3 ,84.7 
愛知県,  岡崎市,78.4 ,84.8 
愛知県,  一宮市,77.6 ,83.5 
愛知県,  瀬戸市,78.1 ,84.7 
愛知県,  半田市,78.0 ,84.7 
愛知県,  春日井市,78.5 ,84.3 
愛知県,  豊川市,78.4 ,84.3 
愛知県,  津島市,77.6 ,84.7 
愛知県,  碧南市,78.0 ,84.3 
愛知県,  刈谷市,78.5 ,84.9 
愛知県,  豊田市,78.5 ,84.0 
愛知県,  安城市,77.8 ,84.0 
愛知県,  西尾市,77.8 ,84.3 
愛知県,  蒲郡市,77.4 ,83.6 
愛知県,  犬山市,78.5 ,84.8 
愛知県,  常滑市,77.8 ,84.5 
愛知県,  江南市,78.3 ,83.7 
愛知県,  尾西市,77.6 ,83.5 
愛知県,  小牧市,77.9 ,84.4 
愛知県,  稲沢市,77.4 ,83.4 
愛知県,  新城市,78.2 ,84.3 
愛知県,  東海市,77.3 ,83.9 
愛知県,  大府市,78.1 ,84.4 
愛知県,  知多市,78.3 ,84.1 
愛知県,  知立市,78.1 ,84.4 
愛知県,  尾張旭市,78.3 ,85.1 
愛知県,  高浜市,78.1 ,84.2 
愛知県,  岩倉市,78.2 ,84.0 
愛知県,  豊明市,78.8 ,85.0 
愛知県,  日進市,79.3 ,85.8 
愛知県,  東郷町,78.9 ,84.5 
愛知県,  長久手町,79.5 ,84.9 
愛知県,  西枇杷島町,78.1 ,84.2 
愛知県,  豊山町,77.3 ,83.4 
愛知県,  師勝町,77.3 ,83.9 
愛知県,  西春町,78.0 ,84.0 
愛知県,  春日町,77.7 ,84.3 
愛知県,  清洲町,77.6 ,83.2 
愛知県,  新川町,78.3 ,85.5 
愛知県,  大口町,78.5 ,84.1 
愛知県,  扶桑町,78.5 ,84.2 
愛知県,  木曽川町,77.4 ,83.4 
愛知県,  祖父江町,77.6 ,83.5 
愛知県,  平和町,77.7 ,83.6 
愛知県,  七宝町,77.8 ,84.4 
愛知県,  美和町,78.3 ,83.2 
愛知県,  甚目寺町,77.5 ,83.5 
愛知県,  大治町,78.1 ,84.5 
愛知県,  蟹江町,77.9 ,83.8 
愛知県,  十四山村,77.5 ,84.5 
愛知県,  飛島村,77.9 ,83.2 
愛知県,  弥富町,77.7 ,84.1 
愛知県,  佐屋町,78.6 ,84.0 
愛知県,  立田村,77.6 ,84.0 
愛知県,  八開村,78.0 ,83.3 
愛知県,  佐織町,76.9 ,83.1 
愛知県,  阿久比町,78.2 ,85.7 
愛知県,  東浦町,78.2 ,84.1 
愛知県,  南知多町,77.2 ,84.8 
愛知県,  美浜町,77.7 ,84.6 
愛知県,  武豊町,77.5 ,83.4 
愛知県,  一色町,77.8 ,84.5 
愛知県,  吉良町,78.2 ,84.2 
愛知県,  幡豆町,77.9 ,83.7 
愛知県,  幸田町,78.2 ,84.4 
愛知県,  額田町,77.7 ,84.3 
愛知県,  三好町,78.8 ,83.4 
愛知県,  藤岡町,77.6 ,84.4 
愛知県,  小原村,78.2 ,84.0 
愛知県,  足助町,78.9 ,84.6 
愛知県,  下山村,78.5 ,84.6 
愛知県,  旭町,78.7 ,84.3 
愛知県,  設楽町,78.4 ,83.8 
愛知県,  東栄町,78.4 ,84.8 
愛知県,  豊根村,78.5 ,84.5 
愛知県,  富山村,78.4 ,84.4 
愛知県,  津具村,78.1 ,84.3 
愛知県,  稲武町,79.0 ,84.2 
愛知県,  鳳来町,78.7 ,84.3 
愛知県,  作手村,78.5 ,84.4 
愛知県,  音羽町,77.9 ,84.4 
愛知県,  一宮町,78.5 ,84.4 
愛知県,  小坂井町,78.2 ,84.6 
愛知県,  御津町,78.5 ,84.1 
愛知県,  田原町,78.4 ,84.2 
愛知県,  赤羽根町,78.3 ,84.4 
愛知県,  渥美町,78.0 ,83.8 
三重県,  津市,78.7 ,84.5 
三重県,  四日市市,77.6 ,83.9 
三重県,  伊勢市,77.7 ,84.2 
三重県,  松阪市,78.0 ,84.4 
三重県,  桑名市,78.3 ,84.5 
三重県,  上野市,78.2 ,84.9 
三重県,  鈴鹿市,77.7 ,84.4 
三重県,  名張市,78.4 ,85.1 
三重県,  尾鷲市,76.2 ,83.0 
三重県,  亀山市,78.6 ,84.8 
三重県,  鳥羽市,77.5 ,83.3 
三重県,  熊野市,76.4 ,85.3 
三重県,  久居市,79.3 ,85.3 
三重県,  多度町,77.6 ,84.1 
三重県,  長島町,78.1 ,85.2 
三重県,  木曽岬町,78.0 ,84.2 
三重県,  北勢町,77.7 ,84.7 
三重県,  員弁町,77.6 ,84.2 
三重県,  大安町,78.2 ,85.0 
三重県,  東員町,77.5 ,85.4 
三重県,  藤原町,77.3 ,83.8 
三重県,  菰野町,77.7 ,85.2 
三重県,  楠町,77.9 ,84.2 
三重県,  朝日町,78.0 ,84.3 
三重県,  川越町,77.5 ,84.2 
三重県,  関町,77.9 ,84.2 
三重県,  河芸町,78.6 ,84.7 
三重県,  芸濃町,78.5 ,85.1 
三重県,  美里村,78.0 ,84.8 
三重県,  安濃町,78.6 ,84.9 
三重県,  香良洲町,78.1 ,84.8 
三重県,  一志町,78.3 ,84.4 
三重県,  白山町,77.5 ,84.6 
三重県,  嬉野町,79.3 ,84.9 
三重県,  美杉村,77.4 ,84.8 
三重県,  三雲町,78.6 ,85.3 
三重県,  飯南町,77.8 ,84.8 
三重県,  飯高町,76.9 ,84.4 
三重県,  多気町,77.8 ,84.7 
三重県,  明和町,77.6 ,83.1 
三重県,  大台町,76.9 ,84.7 
三重県,  勢和村,78.2 ,84.4 
三重県,  宮川村,78.0 ,83.9 
三重県,  玉城町,77.8 ,84.7 
三重県,  二見町,76.9 ,83.8 
三重県,  小俣町,77.8 ,83.7 
三重県,  南勢町,76.9 ,83.7 
三重県,  南島町,76.7 ,84.1 
三重県,  大宮町,77.5 ,84.4 
三重県,  紀勢町,77.5 ,85.3 
三重県,  御薗村,77.8 ,84.4 
三重県,  大内山村,78.3 ,84.0 
三重県,  度会町,77.9 ,84.2 
三重県,  伊賀町,77.8 ,85.0 
三重県,  島ヶ原村,79.0 ,85.2 
三重県,  阿山町,78.1 ,84.5 
三重県,  大山田村,78.9 ,84.7 
三重県,  青山町,78.4 ,85.0 
三重県,  浜島町,76.5 ,84.1 
三重県,  大王町,76.5 ,84.6 
三重県,  志摩町,76.1 ,83.7 
三重県,  阿児町,77.1 ,84.4 
三重県,  磯部町,77.3 ,83.4 
三重県,  紀伊長島町,77.3 ,83.7 
三重県,  海山町,77.6 ,84.9 
三重県,  御浜町,77.1 ,85.4 
三重県,  紀宝町,77.7 ,84.9 
三重県,  紀和町,77.0 ,84.1 
三重県,  鵜殿村,77.3 ,84.0 
滋賀県,  大津市,78.7 ,85.3 
滋賀県,  彦根市,77.6 ,84.4 
滋賀県,  長浜市,77.9 ,85.1 
滋賀県,  近江八幡市,78.0 ,84.2 
滋賀県,  八日市市,77.4 ,85.6 
滋賀県,  草津市,78.6 ,84.8 
滋賀県,  守山市,78.2 ,84.8 
滋賀県,  栗東市,78.3 ,84.6 
滋賀県,  志賀町,78.8 ,85.1 
滋賀県,  中主町,78.6 ,85.1 
滋賀県,  野洲町,78.7 ,84.5 
滋賀県,  石部町,78.6 ,84.9 
滋賀県,  甲西町,78.5 ,84.9 
滋賀県,  水口町,77.9 ,84.3 
滋賀県,  土山町,77.1 ,84.9 
滋賀県,  甲賀町,78.0 ,84.8 
滋賀県,  甲南町,78.6 ,85.2 
滋賀県,  信楽町,77.7 ,84.8 
滋賀県,  安土町,78.5 ,84.8 
滋賀県,  蒲生町,77.3 ,85.0 
滋賀県,  日野町,78.1 ,84.7 
滋賀県,  竜王町,77.3 ,84.4 
滋賀県,  永源寺町,77.3 ,85.2 
滋賀県,  五個荘町,78.3 ,85.2 
滋賀県,  能登川町,78.4 ,85.3 
滋賀県,  愛東町,78.6 ,85.8 
滋賀県,  湖東町,78.0 ,85.3 
滋賀県,  秦荘町,78.8 ,84.3 
滋賀県,  愛知川町,78.7 ,85.7 
滋賀県,  豊郷町,78.0 ,85.3 
滋賀県,  甲良町,76.7 ,84.3 
滋賀県,  多賀町,78.1 ,83.4 
滋賀県,  山東町,78.7 ,85.4 
滋賀県,  伊吹町,77.8 ,85.2 
滋賀県,  米原町,78.6 ,84.3 
滋賀県,  近江町,78.4 ,83.9 
滋賀県,  浅井町,78.8 ,85.2 
滋賀県,  虎姫町,77.4 ,84.3 
滋賀県,  湖北町,78.2 ,84.9 
滋賀県,  びわ町,79.0 ,85.5 
滋賀県,  高月町,78.5 ,84.1 
滋賀県,  木之本町,77.0 ,84.8 
滋賀県,  余呉町,77.4 ,84.9 
滋賀県,  西浅井町,77.8 ,85.3 
滋賀県,  マキノ町,78.3 ,84.5 
滋賀県,  今津町,79.1 ,85.3 
滋賀県,  朽木村,78.7 ,84.8 
滋賀県,  安曇川町,77.7 ,85.3 
滋賀県,  高島町,77.7 ,85.6 
滋賀県,  新旭町,77.7 ,83.6 
京都府,  北区,78.7 ,85.1 
京都府,  上京区,78.4 ,84.8 
京都府,  左京区,78.8 ,84.9 
京都府,  中京区,78.1 ,84.2 
京都府,  東山区,77.2 ,84.2 
京都府,  下京区,77.7 ,84.5 
京都府,  南区,77.5 ,83.8 
京都府,  右京区,78.2 ,85.4 
京都府,  伏見区,77.6 ,84.1 
京都府,  山科区,77.9 ,86.4 
京都府,  西京区,78.4 ,84.3 
京都府,  福知山市,77.6 ,84.5 
京都府,  舞鶴市,77.1 ,84.4 
京都府,  綾部市,78.5 ,84.3 
京都府,  宇治市,78.7 ,85.1 
京都府,  宮津市,77.7 ,85.0 
京都府,  亀岡市,78.0 ,84.8 
京都府,  城陽市,79.1 ,84.7 
京都府,  向日市,78.5 ,85.0 
京都府,  長岡京市,78.4 ,84.6 
京都府,  八幡市,78.2 ,84.5 
京都府,  京田辺市,78.8 ,85.6 
京都府,  大山崎町,78.3 ,84.6 
京都府,  久御山町,77.7 ,84.4 
京都府,  井手町,77.6 ,84.5 
京都府,  宇治田原町,78.3 ,84.8 
京都府,  山城町,77.9 ,85.0 
京都府,  木津町,79.4 ,85.7 
京都府,  加茂町,78.9 ,84.9 
京都府,  笠置町,77.9 ,84.9 
京都府,  和束町,78.6 ,84.7 
京都府,  精華町,78.6 ,84.6 
京都府,  南山城村,78.3 ,84.5 
京都府,  京北町,78.1 ,85.0 
京都府,  美山町,77.7 ,84.0 
京都府,  園部町,77.3 ,84.4 
京都府,  八木町,78.1 ,85.0 
京都府,  丹波町,78.0 ,84.6 
京都府,  日吉町,78.4 ,84.7 
京都府,  瑞穂町,76.6 ,83.6 
京都府,  和知町,78.0 ,84.8 
京都府,  三和町,77.1 ,84.1 
京都府,  夜久野町,77.2 ,84.9 
京都府,  大江町,78.1 ,85.5 
京都府,  加悦町,77.2 ,84.7 
京都府,  岩滝町,77.8 ,84.4 
京都府,  伊根町,77.1 ,85.2 
京都府,  野田川町,77.8 ,84.8 
京都府,  峰山町,76.9 ,85.2 
京都府,  大宮町,77.2 ,83.8 
京都府,  網野町,76.9 ,84.0 
京都府,  丹後町,77.4 ,85.0 
京都府,  弥栄町,77.7 ,84.7 
京都府,  久美浜町,78.3 ,85.0 
大阪府,  都島区,77.1 ,83.4 
大阪府,  福島区,76.4 ,84.0 
大阪府,  此花区,75.8 ,83.5 
大阪府,  西区,76.0 ,83.7 
大阪府,  港区,74.3 ,83.2 
大阪府,  大正区,75.3 ,83.2 
大阪府,  天王寺区,77.0 ,83.6 
大阪府,  浪速区,75.0 ,82.5 
大阪府,  西淀川区,76.1 ,83.2 
大阪府,  東淀川区,75.5 ,83.0 
大阪府,  東成区,76.2 ,83.3 
大阪府,  生野区,76.3 ,83.3 
大阪府,  旭区,76.3 ,84.0 
大阪府,  城東区,77.0 ,83.8 
大阪府,  阿倍野区,77.3 ,83.9 
大阪府,  住吉区,76.3 ,84.0 
大阪府,  東住吉区,75.7 ,83.4 
大阪府,  西成区,71.5 ,82.1 
大阪府,  淀川区,76.3 ,83.4 
大阪府,  鶴見区,76.4 ,83.5 
大阪府,  住之江区,76.1 ,83.2 
大阪府,  平野区,75.8 ,82.7 
大阪府,  北区,75.7 ,83.9 
大阪府,  中央区,76.5 ,83.7 
大阪府,  堺市,77.1 ,84.4 
大阪府,  岸和田市,76.8 ,84.3 
大阪府,  豊中市,78.1 ,84.4 
大阪府,  池田市,78.9 ,84.5 
大阪府,  吹田市,78.0 ,84.8 
大阪府,  泉大津市,76.9 ,83.8 
大阪府,  高槻市,78.5 ,84.8 
大阪府,  貝塚市,76.9 ,84.2 
大阪府,  守口市,76.9 ,83.5 
大阪府,  枚方市,78.0 ,84.7 
大阪府,  茨木市,78.3 ,84.5 
大阪府,  八尾市,77.3 ,83.9 
大阪府,  泉佐野市,76.8 ,84.0 
大阪府,  富田林市,77.7 ,84.3 
大阪府,  寝屋川市,77.2 ,83.9 
大阪府,  河内長野市,78.4 ,85.0 
大阪府,  松原市,77.2 ,84.9 
大阪府,  大東市,76.7 ,84.1 
大阪府,  和泉市,77.4 ,84.5 
大阪府,  箕面市,78.5 ,84.9 
大阪府,  柏原市,76.9 ,83.8 
大阪府,  羽曳野市,77.4 ,84.8 
大阪府,  門真市,76.1 ,83.5 
大阪府,  摂津市,77.7 ,84.4 
大阪府,  高石市,77.3 ,84.6 
大阪府,  藤井寺市,77.6 ,84.4 
大阪府,  東大阪市,76.7 ,83.5 
大阪府,  泉南市,76.9 ,84.1 
大阪府,  四條畷市,77.2 ,83.9 
大阪府,  交野市,78.2 ,84.4 
大阪府,  大阪狭山市,78.6 ,85.2 
大阪府,  阪南市,77.5 ,84.1 
大阪府,  島本町,78.1 ,84.9 
大阪府,  豊能町,79.0 ,84.9 
大阪府,  能勢町,78.4 ,84.3 
大阪府,  忠岡町,76.9 ,83.9 
大阪府,  熊取町,77.6 ,84.2 
大阪府,  田尻町,77.0 ,83.9 
大阪府,  岬町,76.9 ,84.3 
大阪府,  太子町,78.2 ,84.5 
大阪府,  河南町,77.9 ,84.2 
大阪府,  千早赤阪村,78.2 ,85.0 
大阪府,  美原町,78.0 ,84.4 
兵庫県,  東灘区,78.2 ,84.9 
兵庫県,  灘区,77.7 ,84.3 
兵庫県,  兵庫区,75.5 ,83.8 
兵庫県,  長田区,75.7 ,83.8 
兵庫県,  須磨区,78.0 ,84.4 
兵庫県,  垂水区,78.0 ,84.3 
兵庫県,  北区,78.1 ,84.2 
兵庫県,  中央区,75.9 ,83.7 
兵庫県,  西区,78.2 ,84.5 
兵庫県,  姫路市,76.6 ,83.7 
兵庫県,  尼崎市,76.3 ,83.6 
兵庫県,  明石市,77.5 ,84.0 
兵庫県,  西宮市,78.2 ,84.5 
兵庫県,  洲本市,77.7 ,84.3 
兵庫県,  芦屋市,78.5 ,84.7 
兵庫県,  伊丹市,78.3 ,84.5 
兵庫県,  相生市,77.5 ,84.2 
兵庫県,  豊岡市,78.2 ,84.7 
兵庫県,  加古川市,77.4 ,84.0 
兵庫県,  龍野市,76.9 ,83.4 
兵庫県,  赤穂市,77.2 ,84.6 
兵庫県,  西脇市,77.8 ,84.8 
兵庫県,  宝塚市,78.9 ,84.5 
兵庫県,  三木市,78.6 ,84.9 
兵庫県,  高砂市,77.2 ,84.2 
兵庫県,  川西市,78.8 ,85.0 
兵庫県,  小野市,78.2 ,85.9 
兵庫県,  三田市,78.9 ,85.8 
兵庫県,  加西市,78.2 ,84.7 
兵庫県,  篠山市,77.9 ,83.6 
兵庫県,  猪名川町,79.1 ,88.4 
兵庫県,  吉川町,77.9 ,85.9 
兵庫県,  社町,77.3 ,84.3 
兵庫県,  滝野町,78.1 ,85.8 
兵庫県,  東条町,77.4 ,84.2 
兵庫県,  中町,78.4 ,85.1 
兵庫県,  加美町,78.4 ,85.3 
兵庫県,  八千代町,78.5 ,85.0 
兵庫県,  黒田庄町,78.0 ,85.1 
兵庫県,  稲美町,77.6 ,83.7 
兵庫県,  播磨町,77.7 ,84.1 
兵庫県,  家島町,76.6 ,84.0 
兵庫県,  夢前町,77.1 ,84.1 
兵庫県,  神崎町,76.9 ,83.7 
兵庫県,  市川町,76.6 ,84.0 
兵庫県,  福崎町,76.8 ,84.1 
兵庫県,  香寺町,77.0 ,84.0 
兵庫県,  大河内町,76.8 ,83.6 
兵庫県,  新宮町,76.1 ,83.7 
兵庫県,  揖保川町,76.8 ,84.1 
兵庫県,  御津町,77.4 ,84.9 
兵庫県,  太子町,77.5 ,84.1 
兵庫県,  上郡町,76.7 ,84.6 
兵庫県,  佐用町,77.7 ,83.8 
兵庫県,  上月町,77.3 ,84.2 
兵庫県,  南光町,77.3 ,84.4 
兵庫県,  三日月町,76.9 ,84.2 
兵庫県,  山崎町,77.5 ,84.1 
兵庫県,  安富町,76.6 ,84.1 
兵庫県,  一宮町*,77.3 ,83.5 
兵庫県,  波賀町,76.3 ,85.1 
兵庫県,  千種町,76.8 ,83.8 
兵庫県,  城崎町,76.2 ,84.6 
兵庫県,  竹野町,77.4 ,84.2 
兵庫県,  香住町,77.6 ,84.1 
兵庫県,  日高町,78.1 ,85.6 
兵庫県,  出石町,78.6 ,86.0 
兵庫県,  但東町,78.9 ,84.7 
兵庫県,  村岡町,78.5 ,85.5 
兵庫県,  浜坂町,77.8 ,84.4 
兵庫県,  美方町,77.9 ,84.6 
兵庫県,  温泉町,78.1 ,84.0 
兵庫県,  八鹿町,76.9 ,85.6 
兵庫県,  養父町,76.3 ,86.1 
兵庫県,  大屋町,79.0 ,84.0 
兵庫県,  関宮町,76.6 ,84.9 
兵庫県,  生野町,78.0 ,84.1 
兵庫県,  和田山町,78.1 ,84.6 
兵庫県,  山東町,78.1 ,85.7 
兵庫県,  朝来町,78.4 ,86.0 
兵庫県,  柏原町,77.8 ,85.0 
兵庫県,  氷上町,78.0 ,85.4 
兵庫県,  青垣町,76.5 ,83.7 
兵庫県,  春日町,77.9 ,83.4 
兵庫県,  山南町,77.2 ,84.6 
兵庫県,  市島町,77.7 ,84.8 
兵庫県,  津名町,77.0 ,83.9 
兵庫県,  淡路町,77.2 ,84.2 
兵庫県,  北淡町,77.4 ,84.2 
兵庫県,  一宮町**,77.1 ,84.3 
兵庫県,  五色町,77.7 ,83.9 
兵庫県,  東浦町,78.2 ,84.1 
兵庫県,  緑町,77.4 ,84.3 
兵庫県,  西淡町,77.6 ,83.8 
兵庫県,  三原町,77.4 ,85.0 
兵庫県,  南淡町,76.5 ,83.5 
奈良県,  奈良市,78.8 ,85.3 
奈良県,  大和高田市,76.8 ,84.3 
奈良県,  大和郡山市,78.1 ,85.0 
奈良県,  天理市,78.8 ,85.2 
奈良県,  橿原市,78.4 ,84.6 
奈良県,  桜井市,78.3 ,84.8 
奈良県,  五條市,77.3 ,83.9 
奈良県,  御所市,77.4 ,84.1 
奈良県,  生駒市,79.1 ,85.3 
奈良県,  香芝市,79.1 ,84.7 
奈良県,  月ヶ瀬村,78.7 ,85.0 
奈良県,  都祁村,78.7 ,84.9 
奈良県,  山添村,78.5 ,84.9 
奈良県,  平群町,78.8 ,85.8 
奈良県,  三郷町,78.3 ,84.5 
奈良県,  斑鳩町,78.3 ,85.3 
奈良県,  安堵町,78.5 ,84.5 
奈良県,  川西町,78.1 ,84.2 
奈良県,  三宅町,77.9 ,83.4 
奈良県,  田原本町,78.8 ,85.1 
奈良県,  大宇陀町,77.2 ,84.7 
奈良県,  菟田野町,77.2 ,83.2 
奈良県,  榛原町,78.0 ,84.4 
奈良県,  室生村,76.6 ,84.4 
奈良県,  曽爾村,78.6 ,84.5 
奈良県,  御杖村,78.2 ,84.7 
奈良県,  高取町,78.3 ,84.7 
奈良県,  明日香村,77.8 ,84.5 
奈良県,  新庄町,77.9 ,84.4 
奈良県,  當麻町,78.0 ,84.5 
奈良県,  上牧町,77.8 ,82.9 
奈良県,  王寺町,78.2 ,84.5 
奈良県,  広陵町,78.7 ,84.2 
奈良県,  河合町,78.4 ,84.7 
奈良県,  吉野町,77.9 ,84.8 
奈良県,  大淀町,77.7 ,84.2 
奈良県,  下市町,78.3 ,84.5 
奈良県,  黒滝村,78.2 ,84.8 
奈良県,  西吉野村,77.9 ,84.1 
奈良県,  天川村,78.3 ,83.9 
奈良県,  野迫川村,77.6 ,84.5 
奈良県,  大塔村,77.7 ,84.3 
奈良県,  十津川村,77.3 ,84.7 
奈良県,  下北山村,78.1 ,84.1 
奈良県,  上北山村,78.3 ,84.2 
奈良県,  川上村,78.5 ,84.7 
奈良県,  東吉野村,78.3 ,84.6 
和歌山県,  和歌山市,76.8 ,83.7 
和歌山県,  海南市,77.1 ,84.1 
和歌山県,  橋本市,78.0 ,84.6 
和歌山県,  有田市,77.0 ,84.1 
和歌山県,  御坊市,76.0 ,83.9 
和歌山県,  田辺市,77.4 ,84.6 
和歌山県,  新宮市,76.6 ,84.1 
和歌山県,  下津町,76.9 ,84.5 
和歌山県,  野上町,77.4 ,84.2 
和歌山県,  美里町,77.3 ,84.2 
和歌山県,  打田町,76.8 ,84.8 
和歌山県,  粉河町,77.1 ,83.9 
和歌山県,  那賀町,77.2 ,84.2 
和歌山県,  桃山町,76.8 ,83.9 
和歌山県,  貴志川町,77.0 ,83.8 
和歌山県,  岩出町,77.5 ,84.4 
和歌山県,  かつらぎ町,76.7 ,84.2 
和歌山県,  高野口町,76.6 ,84.1 
和歌山県,  九度山町,77.3 ,83.8 
和歌山県,  高野町,77.1 ,84.5 
和歌山県,  花園村,77.0 ,84.0 
和歌山県,  湯浅町,75.8 ,84.5 
和歌山県,  広川町,76.9 ,84.2 
和歌山県,  吉備町,77.9 ,85.9 
和歌山県,  金屋町,77.6 ,86.2 
和歌山県,  清水町,77.2 ,85.3 
和歌山県,  美浜町,76.1 ,84.1 
和歌山県,  日高町,77.4 ,85.5 
和歌山県,  由良町,75.2 ,84.5 
和歌山県,  川辺町,77.1 ,85.2 
和歌山県,  中津村,76.2 ,84.2 
和歌山県,  美山村,77.2 ,84.6 
和歌山県,  龍神村,76.8 ,85.4 
和歌山県,  南部川村,77.1 ,84.2 
和歌山県,  南部町,77.1 ,83.8 
和歌山県,  印南町,77.8 ,83.9 
和歌山県,  白浜町,76.9 ,83.7 
和歌山県,  中辺路町,76.8 ,84.5 
和歌山県,  大塔村,77.0 ,85.0 
和歌山県,  上富田町,76.2 ,83.8 
和歌山県,  日置川町,77.2 ,84.7 
和歌山県,  すさみ町,76.9 ,84.5 
和歌山県,  串本町,77.0 ,85.3 
和歌山県,  那智勝浦町,77.0 ,83.4 
和歌山県,  太地町,77.3 ,84.1 
和歌山県,  古座町,77.5 ,84.3 
和歌山県,  古座川町,77.6 ,84.9 
和歌山県,  熊野川町,75.9 ,84.8 
和歌山県,  本宮町,76.3 ,84.5 
和歌山県,  北山村,76.8 ,84.6 
鳥取県,  鳥取市,78.0 ,85.2 
鳥取県,  米子市,77.5 ,85.0 
鳥取県,  倉吉市,76.5 ,83.6 
鳥取県,  境港市,76.3 ,84.3 
鳥取県,  国府町,77.3 ,85.6 
鳥取県,  岩美町,77.3 ,85.1 
鳥取県,  福部村,77.5 ,84.4 
鳥取県,  郡家町,78.0 ,84.7 
鳥取県,  船岡町,77.7 ,85.3 
鳥取県,  河原町,76.9 ,85.3 
鳥取県,  八東町,77.8 ,84.5 
鳥取県,  若桜町,77.1 ,85.2 
鳥取県,  用瀬町,77.6 ,85.0 
鳥取県,  佐治村,76.7 ,85.6 
鳥取県,  智頭町,77.4 ,85.2 
鳥取県,  気高町,77.0 ,85.2 
鳥取県,  鹿野町,78.4 ,86.1 
鳥取県,  青谷町,77.9 ,85.0 
鳥取県,  羽合町,77.4 ,85.1 
鳥取県,  泊村,77.5 ,85.1 
鳥取県,  東郷町,78.0 ,85.7 
鳥取県,  三朝町,78.2 ,84.6 
鳥取県,  関金町,76.6 ,84.5 
鳥取県,  北条町,76.8 ,84.4 
鳥取県,  大栄町,77.9 ,84.5 
鳥取県,  東伯町,77.2 ,85.0 
鳥取県,  赤碕町,77.3 ,85.0 
鳥取県,  西伯町,76.9 ,85.2 
鳥取県,  会見町,77.3 ,84.8 
鳥取県,  岸本町,77.1 ,84.6 
鳥取県,  日吉津村,78.1 ,85.9 
鳥取県,  淀江町,77.5 ,85.5 
鳥取県,  大山町,76.2 ,84.3 
鳥取県,  名和町,78.3 ,85.4 
鳥取県,  中山町,77.1 ,84.5 
鳥取県,  日南町,76.1 ,84.5 
鳥取県,  日野町,77.1 ,84.3 
鳥取県,  江府町,77.6 ,83.8 
鳥取県,  溝口町,78.0 ,85.8 
島根県,  松江市,78.6 ,85.8 
島根県,  浜田市,76.7 ,84.3 
島根県,  出雲市,77.7 ,85.1 
島根県,  益田市,76.5 ,85.0 
島根県,  大田市,77.5 ,85.3 
島根県,  安来市,77.2 ,86.5 
島根県,  江津市,75.8 ,85.0 
島根県,  平田市,77.0 ,85.0 
島根県,  鹿島町,77.9 ,86.1 
島根県,  島根町,77.2 ,84.6 
島根県,  美保関町,77.1 ,86.2 
島根県,  東出雲町,77.0 ,85.4 
島根県,  八雲村,78.4 ,85.2 
島根県,  玉湯町,77.2 ,85.2 
島根県,  宍道町,77.9 ,85.7 
島根県,  八束町,77.5 ,85.5 
島根県,  広瀬町,77.8 ,85.9 
島根県,  伯太町,78.1 ,85.7 
島根県,  仁多町,78.6 ,86.4 
島根県,  横田町,78.9 ,86.1 
島根県,  大東町,78.1 ,86.1 
島根県,  加茂町,78.5 ,85.7 
島根県,  木次町,78.7 ,85.3 
島根県,  三刀屋町,78.1 ,84.5 
島根県,  吉田村,78.3 ,84.8 
島根県,  掛合町,79.5 ,85.4 
島根県,  頓原町,77.0 ,86.2 
島根県,  赤来町,77.6 ,85.7 
島根県,  斐川町,77.2 ,85.3 
島根県,  佐田町,77.9 ,85.8 
島根県,  多伎町,77.1 ,85.7 
島根県,  湖陵町,76.8 ,82.8 
島根県,  大社町,78.4 ,85.2 
島根県,  温泉津町,76.6 ,85.1 
島根県,  仁摩町,77.2 ,84.3 
島根県,  川本町,77.0 ,85.0 
島根県,  邑智町,76.6 ,85.6 
島根県,  大和村,77.4 ,85.4 
島根県,  羽須美村,77.9 ,85.8 
島根県,  瑞穂町,77.9 ,85.9 
島根県,  石見町,77.2 ,83.9 
島根県,  桜江町,77.2 ,85.4 
島根県,  金城町,75.8 ,85.0 
島根県,  旭町,77.9 ,84.5 
島根県,  弥栄村,76.9 ,84.8 
島根県,  三隅町,75.4 ,84.5 
島根県,  美都町,77.0 ,84.4 
島根県,  匹見町,76.7 ,84.5 
島根県,  津和野町,76.8 ,84.6 
島根県,  日原町,77.9 ,86.0 
島根県,  柿木村,77.2 ,85.7 
島根県,  六日市町,76.9 ,86.6 
島根県,  西郷町,78.2 ,85.9 
島根県,  布施村,78.6 ,86.0 
島根県,  五箇村,78.5 ,85.0 
島根県,  都万村,77.9 ,85.8 
島根県,  海士町,77.7 ,85.9 
島根県,  西ノ島町,78.2 ,86.1 
島根県,  知夫村,78.5 ,85.8 
岡山県,  岡山市,77.7 ,84.9 
岡山県,  倉敷市,78.0 ,85.2 
岡山県,  津山市,77.4 ,84.8 
岡山県,  玉野市,77.8 ,85.6 
岡山県,  笠岡市,78.3 ,85.5 
岡山県,  井原市,77.8 ,85.7 
岡山県,  総社市,78.3 ,85.1 
岡山県,  高梁市,77.7 ,85.9 
岡山県,  新見市,77.9 ,85.7 
岡山県,  備前市,76.4 ,84.8 
岡山県,  御津町,77.5 ,85.0 
岡山県,  建部町,78.2 ,85.1 
岡山県,  加茂川町,77.2 ,84.1 
岡山県,  瀬戸町,77.4 ,85.6 
岡山県,  山陽町,78.1 ,85.4 
岡山県,  赤坂町,77.0 ,84.6 
岡山県,  熊山町,77.8 ,85.0 
岡山県,  吉井町,76.7 ,84.3 
岡山県,  日生町,77.5 ,84.5 
岡山県,  吉永町,77.7 ,85.0 
岡山県,  佐伯町,78.0 ,85.3 
岡山県,  和気町,77.0 ,85.0 
岡山県,  牛窓町,77.9 ,84.9 
岡山県,  邑久町,78.2 ,85.3 
岡山県,  長船町,77.7 ,85.2 
岡山県,  灘崎町,77.9 ,84.8 
岡山県,  早島町,78.4 ,85.9 
岡山県,  山手村,78.1 ,85.7 
岡山県,  清音村,78.4 ,85.7 
岡山県,  船穂町,78.3 ,85.1 
岡山県,  金光町,78.6 ,86.1 
岡山県,  鴨方町,78.2 ,85.2 
岡山県,  寄島町,78.1 ,85.6 
岡山県,  里庄町,78.8 ,86.7 
岡山県,  矢掛町,78.2 ,86.2 
岡山県,  美星町,77.9 ,85.3 
岡山県,  芳井町,78.1 ,84.9 
岡山県,  真備町,77.6 ,86.6 
岡山県,  有漢町,77.7 ,85.8 
岡山県,  北房町,78.0 ,85.3 
岡山県,  賀陽町,78.3 ,86.9 
岡山県,  成羽町,77.3 ,85.8 
岡山県,  川上町,78.1 ,85.9 
岡山県,  備中町,78.0 ,85.7 
岡山県,  大佐町,78.1 ,86.5 
岡山県,  神郷町,77.8 ,86.0 
岡山県,  哲多町,76.9 ,85.3 
岡山県,  哲西町,77.6 ,85.6 
岡山県,  勝山町,78.0 ,86.0 
岡山県,  落合町,78.1 ,86.1 
岡山県,  湯原町,78.0 ,85.7 
岡山県,  久世町,78.0 ,84.9 
岡山県,  美甘村,78.3 ,85.4 
岡山県,  新庄村,77.9 ,85.5 
岡山県,  川上村,77.9 ,85.7 
岡山県,  八束村,77.9 ,86.0 
岡山県,  中和村,77.9 ,85.6 
岡山県,  加茂町,77.3 ,85.2 
岡山県,  富村,77.8 ,84.9 
岡山県,  奥津町,77.5 ,85.0 
岡山県,  上齋原村,77.5 ,85.0 
岡山県,  阿波村,77.1 ,84.9 
岡山県,  鏡野町,77.2 ,83.9 
岡山県,  勝田町,76.9 ,84.4 
岡山県,  勝央町,77.0 ,85.0 
岡山県,  奈義町,78.0 ,85.1 
岡山県,  勝北町,77.9 ,85.2 
岡山県,  大原町,77.6 ,84.3 
岡山県,  東粟倉村,77.6 ,84.8 
岡山県,  西粟倉村,77.5 ,84.9 
岡山県,  美作町,78.0 ,84.8 
岡山県,  作東町,76.7 ,85.2 
岡山県,  英田町,77.3 ,85.1 
岡山県,  中央町,77.4 ,85.1 
岡山県,  旭町,77.6 ,84.8 
岡山県,  久米南町,76.9 ,84.7 
岡山県,  久米町,76.9 ,84.2 
岡山県,  柵原町,77.3 ,84.4 
広島県,  中区,77.0 ,84.3 
広島県,  東区,78.0 ,85.4 
広島県,  南区,77.1 ,85.1 
広島県,  西区,77.8 ,84.9 
広島県,  安佐南区,78.7 ,85.7 
広島県,  安佐北区,78.1 ,85.2 
広島県,  安芸区,77.7 ,85.0 
広島県,  佐伯区,79.3 ,86.4 
広島県,  呉市,76.8 ,83.9 
広島県,  竹原市,78.1 ,85.1 
広島県,  三原市,78.1 ,85.3 
広島県,  尾道市,77.9 ,85.2 
広島県,  因島市,76.7 ,84.9 
広島県,  福山市,77.8 ,84.9 
広島県,  府中市,77.8 ,85.5 
広島県,  三次市,77.8 ,85.7 
広島県,  庄原市,78.3 ,85.8 
広島県,  大竹市,77.8 ,85.2 
広島県,  東広島市,78.4 ,85.2 
広島県,  廿日市市,78.5 ,86.0 
広島県,  府中町,78.3 ,85.0 
広島県,  海田町,77.4 ,84.7 
広島県,  熊野町,77.7 ,85.2 
広島県,  坂町,77.2 ,85.5 
広島県,  江田島町,76.6 ,84.2 
広島県,  音戸町,77.3 ,83.7 
広島県,  倉橋町,76.9 ,84.1 
広島県,  下蒲刈町,77.8 ,85.2 
広島県,  蒲刈町,76.6 ,84.7 
広島県,  大野町,77.9 ,86.7 
広島県,  湯来町,78.1 ,84.9 
広島県,  佐伯町,77.7 ,85.8 
広島県,  吉和村,78.1 ,85.3 
広島県,  宮島町,77.7 ,85.3 
広島県,  能美町,77.1 ,84.4 
広島県,  沖美町,76.8 ,84.0 
広島県,  大柿町,75.5 ,84.1 
広島県,  加計町,78.1 ,85.2 
広島県,  筒賀村,77.8 ,85.2 
広島県,  戸河内町,78.0 ,84.9 
広島県,  芸北町,78.0 ,85.6 
広島県,  大朝町,77.6 ,85.0 
広島県,  千代田町,77.5 ,84.9 
広島県,  豊平町,77.8 ,85.5 
広島県,  吉田町,77.5 ,85.0 
広島県,  八千代町,78.5 ,85.8 
広島県,  美土里町,78.3 ,85.3 
広島県,  高宮町,77.7 ,85.1 
広島県,  甲田町,78.2 ,85.5 
広島県,  向原町,77.7 ,84.9 
広島県,  黒瀬町,76.9 ,84.9 
広島県,  福富町,77.8 ,84.4 
広島県,  豊栄町,76.7 ,84.1 
広島県,  大和町,77.9 ,85.5 
広島県,  河内町,77.4 ,83.4 
広島県,  本郷町,76.3 ,85.4 
広島県,  安芸津町,77.9 ,84.8 
広島県,  安浦町,76.2 ,85.3 
広島県,  川尻町,77.1 ,84.4 
広島県,  豊浜町,77.1 ,84.2 
広島県,  豊町,76.9 ,84.5 
広島県,  大崎町,76.9 ,84.5 
広島県,  東野町,78.1 ,84.7 
広島県,  木江町,76.8 ,84.1 
広島県,  瀬戸田町,77.6 ,85.4 
広島県,  御調町,77.1 ,85.2 
広島県,  久井町,77.6 ,85.1 
広島県,  向島町,76.6 ,84.4 
広島県,  甲山町,77.8 ,85.2 
広島県,  世羅町,77.6 ,85.3 
広島県,  世羅西町,77.9 ,85.2 
広島県,  内海町,78.0 ,84.9 
広島県,  沼隈町,77.2 ,85.6 
広島県,  神辺町,78.1 ,85.3 
広島県,  新市町,77.3 ,85.0 
広島県,  油木町,77.9 ,85.3 
広島県,  神石町,77.8 ,85.0 
広島県,  豊松村,78.0 ,85.4 
広島県,  三和町*,78.2 ,85.8 
広島県,  上下町,78.0 ,85.7 
広島県,  総領町,77.2 ,85.0 
広島県,  甲奴町,77.8 ,85.0 
広島県,  君田村,78.0 ,85.1 
広島県,  布野村,77.4 ,85.6 
広島県,  作木村,78.6 ,86.7 
広島県,  吉舎町,78.4 ,85.4 
広島県,  三良坂町,76.7 ,84.8 
広島県,  三和町**,78.0 ,84.7 
広島県,  西城町,77.8 ,86.1 
広島県,  東城町,77.0 ,84.2 
広島県,  口和町,76.6 ,85.4 
広島県,  高野町,78.5 ,86.0 
広島県,  比和町,77.2 ,85.5 
山口県,  下関市,76.8 ,84.6 
山口県,  宇部市,77.3 ,85.0 
山口県,  山口市,78.1 ,85.5 
山口県,  萩市,76.5 ,84.5 
山口県,  徳山市,77.3 ,84.7 
山口県,  防府市,77.3 ,85.2 
山口県,  下松市,77.2 ,84.0 
山口県,  岩国市,77.5 ,84.1 
山口県,  小野田市,76.7 ,84.6 
山口県,  光市,77.2 ,84.1 
山口県,  長門市,76.8 ,83.9 
山口県,  柳井市,77.0 ,84.6 
山口県,  美祢市,76.6 ,83.8 
山口県,  新南陽市,77.2 ,83.6 
山口県,  久賀町,76.7 ,83.7 
山口県,  大島町,77.2 ,83.9 
山口県,  東和町,77.0 ,83.3 
山口県,  橘町,77.0 ,84.1 
山口県,  和木町,76.7 ,84.9 
山口県,  由宇町,77.6 ,87.1 
山口県,  玖珂町,76.7 ,85.1 
山口県,  本郷村,76.7 ,84.6 
山口県,  周東町,76.6 ,84.4 
山口県,  錦町,77.4 ,84.7 
山口県,  大畠町,76.7 ,83.9 
山口県,  美川町,76.5 ,84.1 
山口県,  美和町,77.1 ,84.9 
山口県,  上関町,76.3 ,83.8 
山口県,  大和町,76.8 ,84.5 
山口県,  田布施町,77.6 ,84.1 
山口県,  平生町,78.0 ,87.4 
山口県,  熊毛町,77.3 ,83.6 
山口県,  鹿野町,76.7 ,85.5 
山口県,  徳地町,77.2 ,85.3 
山口県,  秋穂町,77.5 ,84.9 
山口県,  小郡町,77.5 ,85.2 
山口県,  阿知須町,77.5 ,85.3 
山口県,  楠町,76.3 ,84.6 
山口県,  山陽町,77.2 ,84.3 
山口県,  菊川町,76.7 ,84.3 
山口県,  豊田町,76.9 ,84.6 
山口県,  豊浦町,76.2 ,84.1 
山口県,  豊北町,76.2 ,84.0 
山口県,  美東町,77.2 ,86.7 
山口県,  秋芳町,77.3 ,84.4 
山口県,  三隅町,76.1 ,84.8 
山口県,  日置町,77.0 ,84.8 
山口県,  油谷町,76.3 ,84.0 
山口県,  川上村,76.6 ,84.3 
山口県,  阿武町,76.6 ,84.3 
山口県,  田万川町,76.3 ,84.2 
山口県,  阿東町,76.2 ,83.9 
山口県,  むつみ村,76.7 ,84.3 
山口県,  須佐町,76.7 ,84.4 
山口県,  旭村,76.8 ,84.5 
山口県,  福栄村,76.0 ,84.5 
徳島県,  徳島市,77.5 ,84.5 
徳島県,  鳴門市,77.6 ,84.9 
徳島県,  小松島市,76.9 ,84.6 
徳島県,  阿南市,77.4 ,84.8 
徳島県,  勝浦町,76.5 ,83.9 
徳島県,  上勝町,77.9 ,85.2 
徳島県,  佐那河内村,77.8 ,84.6 
徳島県,  石井町,77.6 ,84.1 
徳島県,  神山町,77.1 ,84.6 
徳島県,  那賀川町,76.7 ,83.9 
徳島県,  羽ノ浦町,78.8 ,85.2 
徳島県,  鷲敷町,77.4 ,85.8 
徳島県,  相生町,78.1 ,84.9 
徳島県,  上那賀町,76.3 ,85.1 
徳島県,  木沢村,77.3 ,84.0 
徳島県,  木頭村,76.4 ,84.8 
徳島県,  由岐町,75.6 ,84.9 
徳島県,  日和佐町,77.1 ,84.7 
徳島県,  牟岐町,76.5 ,84.5 
徳島県,  海南町,76.6 ,84.5 
徳島県,  海部町,76.8 ,83.9 
徳島県,  宍喰町,77.7 ,84.7 
徳島県,  松茂町,77.2 ,84.3 
徳島県,  北島町,77.5 ,85.0 
徳島県,  藍住町,77.2 ,84.2 
徳島県,  板野町,77.6 ,84.5 
徳島県,  上板町,76.6 ,83.7 
徳島県,  吉野町,76.3 ,83.4 
徳島県,  土成町,76.9 ,84.2 
徳島県,  市場町,76.7 ,83.4 
徳島県,  阿波町,76.9 ,83.4 
徳島県,  鴨島町,77.6 ,85.5 
徳島県,  川島町,76.9 ,84.7 
徳島県,  山川町,77.1 ,83.8 
徳島県,  美郷村,77.2 ,84.0 
徳島県,  脇町,76.8 ,85.4 
徳島県,  美馬町,75.2 ,82.5 
徳島県,  半田町,76.3 ,83.0 
徳島県,  貞光町,76.8 ,84.7 
徳島県,  一宇村,76.6 ,80.9 
徳島県,  穴吹町,76.1 ,84.3 
徳島県,  木屋平村,75.2 ,84.0 
徳島県,  三野町,79.1 ,85.8 
徳島県,  三好町,76.9 ,83.1 
徳島県,  池田町,76.9 ,85.4 
徳島県,  山城町,76.3 ,83.1 
徳島県,  井川町,75.7 ,85.1 
徳島県,  三加茂町,77.7 ,84.5 
徳島県,  東祖谷山村,75.5 ,81.1 
徳島県,  西祖谷山村,74.9 ,84.0 
香川県,  高松市,78.0 ,84.7 
香川県,  丸亀市,77.8 ,84.6 
香川県,  坂出市,77.5 ,84.9 
香川県,  善通寺市,78.0 ,85.6 
香川県,  観音寺市,78.1 ,84.6 
香川県,  引田町,78.4 ,84.9 
香川県,  白鳥町,78.0 ,85.2 
香川県,  大内町,78.5 ,85.4 
香川県,  津田町,78.0 ,85.6 
香川県,  大川町,78.5 ,84.4 
香川県,  志度町,78.8 ,84.9 
香川県,  寒川町,77.9 ,84.5 
香川県,  長尾町,78.1 ,85.6 
香川県,  内海町,77.3 ,85.3 
香川県,  土庄町,77.6 ,84.4 
香川県,  池田町,78.1 ,84.9 
香川県,  三木町,77.5 ,84.6 
香川県,  牟礼町,77.9 ,85.2 
香川県,  庵治町,77.7 ,84.6 
香川県,  塩江町,78.0 ,85.2 
香川県,  香川町,78.2 ,84.2 
香川県,  香南町,77.2 ,85.5 
香川県,  直島町,77.8 ,84.7 
香川県,  綾上町,78.0 ,84.5 
香川県,  綾南町,79.0 ,84.3 
香川県,  国分寺町,77.9 ,85.1 
香川県,  綾歌町,78.2 ,85.2 
香川県,  飯山町,78.0 ,84.6 
香川県,  宇多津町,77.8 ,83.9 
香川県,  琴南町,76.9 ,84.8 
香川県,  満濃町,77.0 ,83.9 
香川県,  琴平町,77.8 ,85.3 
香川県,  多度津町,78.2 ,85.3 
香川県,  仲南町,77.1 ,84.4 
香川県,  高瀬町,78.4 ,84.7 
香川県,  山本町,78.4 ,84.9 
香川県,  三野町,78.6 ,84.9 
香川県,  大野原町,78.7 ,84.3 
香川県,  豊中町,77.3 ,84.3 
香川県,  詫間町,77.5 ,83.9 
香川県,  仁尾町,77.4 ,84.6 
香川県,  豊浜町,77.8 ,84.2 
香川県,  財田町,78.7 ,84.6 
愛媛県,  松山市,77.5 ,84.6 
愛媛県,  今治市,77.0 ,84.4 
愛媛県,  宇和島市,77.0 ,83.8 
愛媛県,  八幡浜市,76.6 ,83.9 
愛媛県,  新居浜市,77.3 ,84.9 
愛媛県,  西条市,78.4 ,85.6 
愛媛県,  大洲市,77.2 ,85.0 
愛媛県,  川之江市,77.3 ,84.2 
愛媛県,  伊予三島市,77.3 ,85.8 
愛媛県,  伊予市,76.9 ,84.4 
愛媛県,  北条市,77.9 ,84.3 
愛媛県,  東予市,77.5 ,85.0 
愛媛県,  新宮村,77.4 ,85.0 
愛媛県,  土居町,76.6 ,84.9 
愛媛県,  別子山村,77.5 ,84.8 
愛媛県,  小松町,77.4 ,84.8 
愛媛県,  丹原町,77.1 ,85.4 
愛媛県,  朝倉村,77.6 ,84.8 
愛媛県,  玉川町,77.8 ,83.9 
愛媛県,  波方町,76.9 ,85.2 
愛媛県,  大西町,77.8 ,84.5 
愛媛県,  菊間町,77.1 ,85.0 
愛媛県,  吉海町,77.0 ,84.8 
愛媛県,  宮窪町,77.0 ,83.9 
愛媛県,  伯方町,77.4 ,84.0 
愛媛県,  魚島村,77.3 ,84.8 
愛媛県,  弓削町,77.2 ,84.0 
愛媛県,  生名村,77.0 ,84.5 
愛媛県,  岩城村,77.1 ,84.4 
愛媛県,  上浦町,76.9 ,84.4 
愛媛県,  大三島町,76.6 ,84.6 
愛媛県,  関前村,77.0 ,83.6 
愛媛県,  重信町,77.6 ,84.9 
愛媛県,  川内町,77.9 ,84.5 
愛媛県,  中島町,77.5 ,84.2 
愛媛県,  久万町,77.0 ,85.1 
愛媛県,  面河村,77.5 ,84.4 
愛媛県,  美川村,77.6 ,82.5 
愛媛県,  柳谷村,77.4 ,84.5 
愛媛県,  小田町,77.6 ,85.0 
愛媛県,  松前町,77.6 ,84.4 
愛媛県,  砥部町,77.8 ,85.1 
愛媛県,  広田村,77.8 ,84.8 
愛媛県,  中山町,77.7 ,84.8 
愛媛県,  双海町,77.5 ,84.4 
愛媛県,  長浜町,76.4 ,82.8 
愛媛県,  内子町,77.0 ,83.0 
愛媛県,  五十崎町,77.6 ,82.0 
愛媛県,  肱川町,77.7 ,85.0 
愛媛県,  河辺村,76.9 ,83.1 
愛媛県,  保内町,75.9 ,84.2 
愛媛県,  伊方町,76.7 ,84.2 
愛媛県,  瀬戸町,77.3 ,82.8 
愛媛県,  三崎町,76.2 ,83.9 
愛媛県,  三瓶町,77.5 ,84.5 
愛媛県,  明浜町,77.3 ,83.5 
愛媛県,  宇和町,77.4 ,85.1 
愛媛県,  野村町,76.5 ,84.8 
愛媛県,  城川町,76.9 ,84.0 
愛媛県,  吉田町,76.8 ,84.5 
愛媛県,  三間町,77.4 ,84.0 
愛媛県,  広見町,77.6 ,85.8 
愛媛県,  松野町,76.4 ,83.7 
愛媛県,  日吉村,76.8 ,84.9 
愛媛県,  津島町,75.5 ,84.1 
愛媛県,  内海村,76.4 ,84.2 
愛媛県,  御荘町,76.6 ,84.9 
愛媛県,  城辺町,76.7 ,84.0 
愛媛県,  一本松町,76.6 ,83.7 
愛媛県,  西海町,76.1 ,82.3 
高知県,  高知市,76.9 ,85.2 
高知県,  室戸市,74.8 ,82.6 
高知県,  安芸市,76.3 ,84.0 
高知県,  南国市,76.9 ,84.4 
高知県,  土佐市,77.1 ,84.0 
高知県,  須崎市,77.3 ,85.1 
高知県,  中村市,76.9 ,85.0 
高知県,  宿毛市,77.8 ,85.1 
高知県,  土佐清水市,76.4 ,83.1 
高知県,  東洋町,76.2 ,84.9 
高知県,  奈半利町,75.9 ,84.5 
高知県,  田野町,76.1 ,85.4 
高知県,  安田町,75.5 ,84.0 
高知県,  北川村,77.1 ,85.0 
高知県,  馬路村,77.1 ,84.7 
高知県,  芸西村,76.1 ,84.7 
高知県,  赤岡町,75.8 ,84.9 
高知県,  香我美町,77.3 ,85.4 
高知県,  土佐山田町,76.9 ,84.3 
高知県,  野市町,77.0 ,84.7 
高知県,  夜須町,77.1 ,83.5 
高知県,  香北町,77.7 ,86.2 
高知県,  吉川村,76.6 ,84.4 
高知県,  物部村,77.3 ,84.6 
高知県,  本山町,78.2 ,86.2 
高知県,  大豊町,75.7 ,84.7 
高知県,  鏡村,77.2 ,84.4 
高知県,  土佐山村,77.5 ,84.3 
高知県,  土佐町,77.2 ,85.7 
高知県,  大川村,77.1 ,84.9 
高知県,  本川村,76.7 ,84.3 
高知県,  伊野町,76.8 ,85.1 
高知県,  池川町,77.4 ,84.6 
高知県,  春野町,76.6 ,84.8 
高知県,  吾川村,76.8 ,85.7 
高知県,  吾北村,76.2 ,84.9 
高知県,  中土佐町,76.4 ,85.0 
高知県,  佐川町,78.4 ,85.5 
高知県,  越知町,77.5 ,85.6 
高知県,  窪川町,76.0 ,84.4 
高知県,  檮原町,77.6 ,85.9 
高知県,  大野見村,77.5 ,84.8 
高知県,  東津野村,76.9 ,84.9 
高知県,  葉山村,76.7 ,83.8 
高知県,  仁淀村,77.0 ,84.9 
高知県,  日高村,77.1 ,84.2 
高知県,  佐賀町,76.3 ,84.2 
高知県,  大正町,77.6 ,85.2 
高知県,  大方町,77.0 ,84.9 
高知県,  大月町,75.6 ,85.2 
高知県,  十和村,76.6 ,83.3 
高知県,  西土佐村,76.7 ,84.3 
高知県,  三原村,76.5 ,84.1 
福岡県,  門司区,76.7 ,84.2 
福岡県,  若松区,76.4 ,84.1 
福岡県,  戸畑区,76.6 ,84.0 
福岡県,  小倉北区,76.7 ,83.7 
福岡県,  小倉南区,77.9 ,84.4 
福岡県,  八幡東区,76.5 ,84.7 
福岡県,  八幡西区,77.2 ,84.4 
福岡県,  東区,77.5 ,85.0 
福岡県,  博多区,77.2 ,84.7 
福岡県,  中央区,77.9 ,84.3 
福岡県,  南区,77.8 ,84.8 
福岡県,  西区,78.0 ,85.4 
福岡県,  城南区,77.9 ,84.7 
福岡県,  早良区,77.6 ,84.7 
福岡県,  大牟田市,76.2 ,84.3 
福岡県,  久留米市,77.2 ,84.9 
福岡県,  直方市,76.2 ,84.3 
福岡県,  飯塚市,76.5 ,83.4 
福岡県,  田川市,75.9 ,83.3 
福岡県,  柳川市,76.6 ,83.9 
福岡県,  山田市,75.8 ,84.1 
福岡県,  甘木市,77.7 ,85.6 
福岡県,  八女市,77.6 ,85.7 
福岡県,  筑後市,77.5 ,84.9 
福岡県,  大川市,77.7 ,84.5 
福岡県,  行橋市,76.7 ,84.8 
福岡県,  豊前市,77.1 ,84.9 
福岡県,  中間市,75.9 ,84.0 
福岡県,  小郡市,78.5 ,86.1 
福岡県,  筑紫野市,78.6 ,84.4 
福岡県,  春日市,78.5 ,84.4 
福岡県,  大野城市,78.9 ,85.6 
福岡県,  宗像市,78.1 ,84.8 
福岡県,  太宰府市,78.6 ,85.3 
福岡県,  前原市,77.6 ,84.6 
福岡県,  古賀市,78.4 ,85.7 
福岡県,  那珂川町,77.6 ,85.4 
福岡県,  宇美町,76.8 ,84.7 
福岡県,  篠栗町,78.4 ,85.0 
福岡県,  志免町,77.1 ,83.8 
福岡県,  須恵町,77.5 ,86.0 
福岡県,  新宮町,78.7 ,85.1 
福岡県,  久山町,78.2 ,85.1 
福岡県,  粕屋町,77.7 ,84.0 
福岡県,  福間町,77.6 ,85.6 
福岡県,  津屋崎町,76.6 ,85.4 
福岡県,  玄海町,76.2 ,84.2 
福岡県,  大島村,77.0 ,84.5 
福岡県,  芦屋町,76.5 ,84.0 
福岡県,  水巻町,76.2 ,83.5 
福岡県,  岡垣町,76.9 ,84.9 
福岡県,  遠賀町,77.0 ,84.5 
福岡県,  小竹町,75.7 ,85.0 
福岡県,  鞍手町,75.6 ,83.7 
福岡県,  宮田町,76.5 ,84.8 
福岡県,  若宮町,75.4 ,84.8 
福岡県,  桂川町,76.8 ,84.6 
福岡県,  稲築町,75.8 ,84.8 
福岡県,  碓井町,76.0 ,84.0 
福岡県,  嘉穂町,76.5 ,84.8 
福岡県,  筑穂町,76.6 ,84.5 
福岡県,  穂波町,76.2 ,84.2 
福岡県,  庄内町,76.7 ,85.0 
福岡県,  頴田町,76.7 ,84.7 
福岡県,  杷木町,76.9 ,85.3 
福岡県,  朝倉町,77.7 ,84.9 
福岡県,  三輪町,77.9 ,86.7 
福岡県,  夜須町,76.9 ,85.0 
福岡県,  小石原村,77.4 ,84.5 
福岡県,  宝珠山村,77.1 ,84.4 
福岡県,  二丈町,77.8 ,85.0 
福岡県,  志摩町,77.6 ,85.3 
福岡県,  吉井町,77.2 ,85.8 
福岡県,  田主丸町,77.7 ,85.9 
福岡県,  浮羽町,77.0 ,85.7 
福岡県,  北野町,76.9 ,85.0 
福岡県,  大刀洗町,76.5 ,86.6 
福岡県,  城島町,76.9 ,84.9 
福岡県,  大木町,77.2 ,84.5 
福岡県,  三潴町,77.9 ,85.7 
福岡県,  黒木町,76.9 ,85.5 
福岡県,  上陽町,77.0 ,84.6 
福岡県,  立花町,77.0 ,84.3 
福岡県,  広川町,77.3 ,84.3 
福岡県,  矢部村,77.2 ,84.7 
福岡県,  星野村,77.0 ,85.2 
福岡県,  瀬高町,76.8 ,85.3 
福岡県,  大和町,76.8 ,84.8 
福岡県,  三橋町,77.1 ,84.6 
福岡県,  山川町,77.3 ,84.5 
福岡県,  高田町,76.8 ,84.5 
福岡県,  香春町,76.4 ,83.3 
福岡県,  添田町,75.8 ,84.3 
福岡県,  金田町,76.0 ,83.7 
福岡県,  糸田町,75.8 ,83.4 
福岡県,  川崎町,74.7 ,83.6 
福岡県,  赤池町,76.7 ,84.4 
福岡県,  方城町,76.6 ,84.2 
福岡県,  大任町,76.4 ,84.2 
福岡県,  赤村,76.8 ,84.6 
福岡県,  苅田町,77.0 ,84.9 
福岡県,  犀川町,76.5 ,84.2 
福岡県,  勝山町,77.3 ,85.1 
福岡県,  豊津町,76.7 ,84.6 
福岡県,  椎田町,77.0 ,84.3 
福岡県,  吉富町,76.4 ,83.9 
福岡県,  築城町,75.6 ,84.3 
福岡県,  新吉富村,76.5 ,83.7 
福岡県,  大平村,76.7 ,84.2 
佐賀県,  佐賀市,77.4 ,84.6 
佐賀県,  唐津市,76.2 ,84.3 
佐賀県,  鳥栖市,77.0 ,85.5 
佐賀県,  多久市,77.7 ,85.9 
佐賀県,  伊万里市,76.1 ,85.2 
佐賀県,  武雄市,77.0 ,84.9 
佐賀県,  鹿島市,76.8 ,84.8 
佐賀県,  諸富町,78.1 ,85.5 
佐賀県,  川副町,77.4 ,84.3 
佐賀県,  東与賀町,77.3 ,85.7 
佐賀県,  久保田町,77.5 ,86.0 
佐賀県,  大和町,76.7 ,84.1 
佐賀県,  富士町,76.3 ,86.2 
佐賀県,  神埼町,78.1 ,85.5 
佐賀県,  千代田町,77.2 ,84.9 
佐賀県,  三田川町,77.7 ,85.0 
佐賀県,  東脊振村,78.2 ,85.2 
佐賀県,  脊振村,77.3 ,84.4 
佐賀県,  三瀬村,77.3 ,85.3 
佐賀県,  基山町,78.9 ,85.9 
佐賀県,  中原町,77.3 ,85.0 
佐賀県,  北茂安町,77.8 ,85.6 
佐賀県,  三根町,76.8 ,85.1 
佐賀県,  上峰町,76.9 ,85.0 
佐賀県,  小城町,76.7 ,85.3 
佐賀県,  三日月町,76.8 ,84.5 
佐賀県,  牛津町,76.8 ,84.8 
佐賀県,  芦刈町,75.6 ,85.1 
佐賀県,  浜玉町,76.2 ,84.3 
佐賀県,  七山村,77.5 ,85.0 
佐賀県,  厳木町,77.0 ,85.4 
佐賀県,  相知町,76.3 ,85.1 
佐賀県,  北波多村,76.5 ,84.3 
佐賀県,  肥前町,75.4 ,85.3 
佐賀県,  玄海町,76.5 ,84.7 
佐賀県,  鎮西町,76.0 ,85.0 
佐賀県,  呼子町,76.0 ,84.9 
佐賀県,  有田町,76.6 ,85.0 
佐賀県,  西有田町,76.4 ,85.2 
佐賀県,  山内町,77.3 ,85.6 
佐賀県,  北方町,76.3 ,84.7 
佐賀県,  大町町,76.3 ,85.0 
佐賀県,  江北町,77.3 ,84.8 
佐賀県,  白石町,76.4 ,86.0 
佐賀県,  福富町,76.3 ,84.5 
佐賀県,  有明町,77.5 ,86.5 
佐賀県,  太良町,76.5 ,84.8 
佐賀県,  塩田町,76.3 ,83.7 
佐賀県,  嬉野町,77.7 ,87.5 
長崎県,  長崎市,77.7 ,85.1 
長崎県,  佐世保市,77.0 ,84.7 
長崎県,  島原市,77.8 ,85.6 
長崎県,  諫早市,78.1 ,85.5 
長崎県,  大村市,77.2 ,84.7 
長崎県,  福江市,76.4 ,84.7 
長崎県,  平戸市,75.8 ,83.9 
長崎県,  松浦市,76.5 ,84.7 
長崎県,  香焼町,76.9 ,85.2 
長崎県,  伊王島町,77.6 ,84.9 
長崎県,  高島町,77.4 ,84.7 
長崎県,  野母崎町,77.6 ,85.0 
長崎県,  三和町,77.5 ,84.6 
長崎県,  多良見町,78.5 ,86.5 
長崎県,  長与町,78.4 ,85.5 
長崎県,  時津町,78.3 ,84.8 
長崎県,  琴海町,77.6 ,85.4 
長崎県,  西彼町,77.9 ,86.1 
長崎県,  西海町,77.4 ,85.6 
長崎県,  大島町,77.3 ,84.4 
長崎県,  崎戸町,76.9 ,85.1 
長崎県,  大瀬戸町,77.2 ,84.5 
長崎県,  外海町,77.4 ,85.4 
長崎県,  東彼杵町,78.1 ,83.6 
長崎県,  川棚町,78.1 ,85.1 
長崎県,  波佐見町,77.4 ,85.8 
長崎県,  森山町,77.7 ,85.5 
長崎県,  飯盛町,77.3 ,84.7 
長崎県,  高来町,77.8 ,84.6 
長崎県,  小長井町,76.5 ,84.8 
長崎県,  有明町,77.7 ,85.4 
長崎県,  国見町,77.9 ,84.3 
長崎県,  瑞穂町,77.2 ,84.4 
長崎県,  吾妻町,77.6 ,84.9 
長崎県,  愛野町,77.5 ,85.2 
長崎県,  千々石町,76.0 ,84.2 
長崎県,  小浜町,76.8 ,82.8 
長崎県,  南串山町,76.7 ,84.7 
長崎県,  加津佐町,77.7 ,85.2 
長崎県,  口之津町,78.4 ,86.1 
長崎県,  南有馬町,77.1 ,85.8 
長崎県,  北有馬町,77.9 ,84.8 
長崎県,  西有家町,76.9 ,84.4 
長崎県,  有家町,76.6 ,84.2 
長崎県,  布津町,77.7 ,84.5 
長崎県,  深江町,77.1 ,84.9 
長崎県,  大島村,76.0 ,84.5 
長崎県,  生月町,76.6 ,83.6 
長崎県,  小値賀町,76.5 ,85.0 
長崎県,  宇久町,77.0 ,83.6 
長崎県,  田平町,76.1 ,84.3 
長崎県,  福島町,76.8 ,84.4 
長崎県,  鷹島町,76.1 ,84.3 
長崎県,  江迎町,77.1 ,84.2 
長崎県,  鹿町町,76.0 ,85.0 
長崎県,  小佐々町,77.2 ,85.3 
長崎県,  佐々町,76.8 ,85.4 
長崎県,  吉井町,76.2 ,84.9 
長崎県,  世知原町,76.4 ,85.0 
長崎県,  富江町,75.6 ,83.9 
長崎県,  玉之浦町,75.5 ,83.3 
長崎県,  三井楽町,76.8 ,84.5 
長崎県,  岐宿町,77.0 ,84.3 
長崎県,  奈留町,76.3 ,84.5 
長崎県,  若松町,76.2 ,84.6 
長崎県,  上五島町,76.2 ,84.3 
長崎県,  新魚目町,75.4 ,83.7 
長崎県,  有川町,76.0 ,84.7 
長崎県,  奈良尾町,76.4 ,83.8 
長崎県,  郷ノ浦町,75.4 ,84.9 
長崎県,  勝本町,76.0 ,83.9 
長崎県,  芦辺町,76.1 ,85.1 
長崎県,  石田町,76.9 ,84.5 
長崎県,  厳原町,75.8 ,84.3 
長崎県,  美津島町,75.8 ,82.3 
長崎県,  豊玉町,77.1 ,83.2 
長崎県,  峰町,75.9 ,83.4 
長崎県,  上県町,76.6 ,85.1 
長崎県,  上対馬町,77.5 ,85.1 
熊本県,  熊本市,78.7 ,85.6 
熊本県,  八代市,77.3 ,84.4 
熊本県,  人吉市,77.4 ,85.5 
熊本県,  荒尾市,77.2 ,84.8 
熊本県,  水俣市,77.3 ,84.4 
熊本県,  玉名市,78.5 ,85.2 
熊本県,  本渡市,78.8 ,86.0 
熊本県,  山鹿市,78.8 ,85.3 
熊本県,  牛深市,76.6 ,84.5 
熊本県,  菊池市,77.6 ,85.1 
熊本県,  宇土市,78.2 ,85.1 
熊本県,  三角町,78.1 ,84.4 
熊本県,  不知火町,78.2 ,85.2 
熊本県,  城南町,78.6 ,86.0 
熊本県,  富合町,79.1 ,84.9 
熊本県,  松橋町,78.8 ,84.6 
熊本県,  小川町,78.2 ,86.2 
熊本県,  豊野町,77.9 ,85.2 
熊本県,  中央町,78.6 ,86.2 
熊本県,  砥用町,78.3 ,85.4 
熊本県,  岱明町,78.4 ,85.7 
熊本県,  横島町,78.5 ,86.0 
熊本県,  天水町,78.8 ,84.1 
熊本県,  玉東町,78.1 ,84.5 
熊本県,  菊水町,78.5 ,84.1 
熊本県,  三加和町,78.1 ,85.1 
熊本県,  南関町,78.8 ,85.0 
熊本県,  長洲町,78.8 ,85.8 
熊本県,  鹿北町,78.1 ,84.5 
熊本県,  菊鹿町,78.6 ,85.1 
熊本県,  鹿本町,78.7 ,84.7 
熊本県,  鹿央町,78.3 ,84.5 
熊本県,  植木町,78.6 ,85.0 
熊本県,  七城町,79.0 ,85.1 
熊本県,  旭志村,79.3 ,86.2 
熊本県,  大津町,79.3 ,84.5 
熊本県,  菊陽町,79.4 ,87.2 
熊本県,  合志町,79.3 ,85.8 
熊本県,  泗水町,78.9 ,86.0 
熊本県,  西合志町,78.5 ,86.2 
熊本県,  一の宮町,78.9 ,85.7 
熊本県,  阿蘇町,77.8 ,86.6 
熊本県,  南小国町,79.0 ,85.6 
熊本県,  小国町,79.4 ,85.9 
熊本県,  産山村,76.4 ,85.8 
熊本県,  波野村,79.0 ,86.1 
熊本県,  蘇陽町,77.6 ,85.6 
熊本県,  高森町,78.6 ,85.2 
熊本県,  白水村,79.5 ,85.1 
熊本県,  久木野村,79.0 ,86.1 
熊本県,  長陽村,79.3 ,86.9 
熊本県,  西原村,79.1 ,85.5 
熊本県,  御船町,78.4 ,85.7 
熊本県,  嘉島町,79.7 ,86.3 
熊本県,  益城町,79.9 ,86.6 
熊本県,  甲佐町,78.3 ,86.7 
熊本県,  矢部町,78.7 ,86.2 
熊本県,  清和村,80.1 ,85.6 
熊本県,  坂本村,77.2 ,85.0 
熊本県,  千丁町,76.3 ,85.0 
熊本県,  鏡町,77.1 ,85.7 
熊本県,  竜北町,76.4 ,84.4 
熊本県,  宮原町,76.9 ,85.6 
熊本県,  東陽村,76.4 ,84.5 
熊本県,  泉村,78.2 ,85.4 
熊本県,  田浦町,76.7 ,84.5 
熊本県,  芦北町,77.8 ,85.8 
熊本県,  津奈木町,77.1 ,83.5 
熊本県,  錦町,76.8 ,85.0 
熊本県,  上村,76.0 ,84.7 
熊本県,  免田町,77.1 ,85.7 
熊本県,  岡原村,77.2 ,85.3 
熊本県,  多良木町,76.2 ,85.4 
熊本県,  湯前町,76.1 ,84.2 
熊本県,  水上村,76.7 ,85.2 
熊本県,  須恵村,76.9 ,84.7 
熊本県,  深田村,76.3 ,84.4 
熊本県,  相良村,76.5 ,84.9 
熊本県,  五木村,77.2 ,84.5 
熊本県,  山江村,77.9 ,84.9 
熊本県,  球磨村,77.0 ,84.8 
熊本県,  大矢野町,78.2 ,84.7 
熊本県,  松島町,77.0 ,85.8 
熊本県,  有明町,78.4 ,84.5 
熊本県,  姫戸町,78.6 ,85.1 
熊本県,  龍ヶ岳町,77.6 ,85.4 
熊本県,  御所浦町,77.8 ,85.0 
熊本県,  倉岳町,78.1 ,85.2 
熊本県,  栖本町,77.9 ,85.6 
熊本県,  新和町,78.0 ,84.9 
熊本県,  五和町,78.1 ,85.6 
熊本県,  苓北町,78.7 ,85.8 
熊本県,  天草町,77.6 ,84.5 
熊本県,  河浦町,77.0 ,84.8 
大分県,  大分市,78.8 ,85.0 
大分県,  別府市,77.6 ,84.1 
大分県,  中津市,77.2 ,83.8 
大分県,  日田市,77.6 ,84.3 
大分県,  佐伯市,77.4 ,84.7 
大分県,  臼杵市,78.5 ,85.5 
大分県,  津久見市,77.6 ,84.2 
大分県,  竹田市,78.4 ,86.1 
大分県,  豊後高田市,77.0 ,84.4 
大分県,  杵築市,77.8 ,84.3 
大分県,  宇佐市,77.0 ,84.6 
大分県,  大田村,77.5 ,84.8 
大分県,  真玉町,77.6 ,84.1 
大分県,  香々地町,77.8 ,83.6 
大分県,  国見町,78.4 ,85.5 
大分県,  姫島村,77.6 ,84.2 
大分県,  国東町,78.7 ,84.7 
大分県,  武蔵町,76.8 ,84.1 
大分県,  安岐町,77.1 ,84.7 
大分県,  日出町,78.0 ,84.1 
大分県,  山香町,76.6 ,85.2 
大分県,  野津原町,78.8 ,84.3 
大分県,  挾間町,78.1 ,85.4 
大分県,  庄内町,77.9 ,84.6 
大分県,  湯布院町,76.9 ,85.6 
大分県,  佐賀関町,77.6 ,84.6 
大分県,  上浦町,77.2 ,85.2 
大分県,  弥生町,77.8 ,83.2 
大分県,  本匠村,78.5 ,85.0 
大分県,  宇目町,78.8 ,84.7 
大分県,  直川村,78.2 ,84.9 
大分県,  鶴見町,77.6 ,85.0 
大分県,  米水津村,77.4 ,85.5 
大分県,  蒲江町,76.4 ,85.2 
大分県,  野津町,77.9 ,84.6 
大分県,  三重町,78.2 ,84.9 
大分県,  清川村,78.4 ,85.0 
大分県,  緒方町,78.2 ,85.0 
大分県,  朝地町,78.7 ,85.5 
大分県,  大野町,79.2 ,85.6 
大分県,  千歳村,78.2 ,84.8 
大分県,  犬飼町,78.4 ,85.4 
大分県,  荻町,78.7 ,85.0 
大分県,  久住町,78.8 ,85.1 
大分県,  直入町,78.8 ,85.9 
大分県,  九重町,77.4 ,85.2 
大分県,  玖珠町,77.4 ,84.7 
大分県,  前津江村,77.4 ,84.4 
大分県,  中津江村,77.5 ,84.5 
大分県,  上津江村,77.0 ,85.0 
大分県,  大山町,77.5 ,84.9 
大分県,  天瀬町,76.3 ,84.0 
大分県,  三光村,77.3 ,84.0 
大分県,  本耶馬溪町,77.8 ,83.8 
大分県,  耶馬溪町,77.4 ,84.1 
大分県,  山国町,77.3 ,84.9 
大分県,  院内町,76.2 ,83.5 
大分県,  安心院町,77.4 ,84.2 
宮崎県,  宮崎市,78.3 ,85.7 
宮崎県,  都城市,76.9 ,84.6 
宮崎県,  延岡市,77.2 ,84.7 
宮崎県,  日南市,77.4 ,85.1 
宮崎県,  小林市,77.7 ,85.2 
宮崎県,  日向市,76.6 ,85.2 
宮崎県,  串間市,77.6 ,84.4 
宮崎県,  西都市,77.3 ,84.6 
宮崎県,  えびの市,76.4 ,84.7 
宮崎県,  清武町,77.9 ,85.4 
宮崎県,  田野町,77.6 ,85.0 
宮崎県,  佐土原町,78.0 ,85.7 
宮崎県,  北郷町,77.2 ,85.4 
宮崎県,  南郷町,78.2 ,85.3 
宮崎県,  三股町,77.4 ,84.9 
宮崎県,  山之口町,76.8 ,84.4 
宮崎県,  高城町,76.3 ,83.7 
宮崎県,  山田町,76.9 ,84.5 
宮崎県,  高崎町,75.9 ,83.2 
宮崎県,  高原町,77.2 ,84.1 
宮崎県,  野尻町,76.9 ,84.9 
宮崎県,  須木村,77.1 ,83.9 
宮崎県,  高岡町,77.9 ,85.5 
宮崎県,  国富町,77.6 ,85.3 
宮崎県,  綾町,77.9 ,85.2 
宮崎県,  高鍋町,77.6 ,84.7 
宮崎県,  新富町,78.0 ,85.1 
宮崎県,  西米良村,76.3 ,85.1 
宮崎県,  木城町,77.9 ,85.0 
宮崎県,  川南町,75.4 ,85.3 
宮崎県,  都農町,76.8 ,85.0 
宮崎県,  門川町,77.1 ,84.9 
宮崎県,  東郷町,77.4 ,85.3 
宮崎県,  南郷村,76.5 ,84.9 
宮崎県,  西郷村,77.2 ,84.3 
宮崎県,  北郷村,77.8 ,84.8 
宮崎県,  北方町,76.8 ,84.4 
宮崎県,  北川町,77.1 ,85.4 
宮崎県,  北浦町,76.4 ,84.5 
宮崎県,  諸塚村,77.3 ,85.1 
宮崎県,  椎葉村,77.9 ,85.3 
宮崎県,  高千穂町,77.7 ,85.3 
宮崎県,  日之影町,76.7 ,85.1 
宮崎県,  五ヶ瀬町,77.7 ,85.0 
鹿児島県,  鹿児島市,77.9 ,84.7 
鹿児島県,  川内市,77.2 ,85.2 
鹿児島県,  鹿屋市,77.5 ,84.6 
鹿児島県,  枕崎市,75.7 ,84.2 
鹿児島県,  串木野市,75.9 ,83.2 
鹿児島県,  阿久根市,76.3 ,85.4 
鹿児島県,  名瀬市,75.3 ,85.2 
鹿児島県,  出水市,77.0 ,84.3 
鹿児島県,  大口市,76.7 ,85.1 
鹿児島県,  指宿市,77.6 ,85.4 
鹿児島県,  加世田市,76.2 ,84.6 
鹿児島県,  国分市,78.0 ,85.0 
鹿児島県,  西之表市,75.5 ,84.5 
鹿児島県,  垂水市,76.5 ,84.4 
鹿児島県,  吉田町,77.8 ,84.7 
鹿児島県,  桜島町,78.0 ,84.6 
鹿児島県,  三島村,77.8 ,84.8 
鹿児島県,  十島村,77.9 ,84.8 
鹿児島県,  喜入町,76.0 ,83.8 
鹿児島県,  山川町,76.6 ,83.4 
鹿児島県,  頴娃町,75.6 ,84.2 
鹿児島県,  開聞町,76.2 ,84.9 
鹿児島県,  笠沙町,76.7 ,85.0 
鹿児島県,  大浦町,76.3 ,84.2 
鹿児島県,  坊津町,75.8 ,83.9 
鹿児島県,  知覧町,76.7 ,84.9 
鹿児島県,  川辺町,77.3 ,84.9 
鹿児島県,  市来町,77.1 ,84.3 
鹿児島県,  東市来町,76.7 ,85.2 
鹿児島県,  伊集院町,77.3 ,84.4 
鹿児島県,  松元町,77.3 ,84.8 
鹿児島県,  郡山町,75.7 ,83.9 
鹿児島県,  日吉町,75.0 ,84.6 
鹿児島県,  吹上町,75.0 ,83.5 
鹿児島県,  金峰町,75.8 ,83.8 
鹿児島県,  樋脇町,76.6 ,84.8 
鹿児島県,  入来町,77.4 ,84.3 
鹿児島県,  東郷町,76.7 ,84.9 
鹿児島県,  宮之城町,76.9 ,84.3 
鹿児島県,  鶴田町,76.5 ,84.3 
鹿児島県,  薩摩町,76.1 ,84.5 
鹿児島県,  祁答院町,76.5 ,84.0 
鹿児島県,  里村,76.5 ,85.2 
鹿児島県,  上甑村,76.8 ,85.3 
鹿児島県,  下甑村,76.7 ,83.8 
鹿児島県,  鹿島村,76.7 ,85.1 
鹿児島県,  野田町,75.4 ,84.2 
鹿児島県,  高尾野町,76.5 ,84.5 
鹿児島県,  東町,76.5 ,84.5 
鹿児島県,  長島町,76.8 ,84.3 
鹿児島県,  菱刈町,77.6 ,83.8 
鹿児島県,  加治木町,77.2 ,84.3 
鹿児島県,  姶良町,78.4 ,85.2 
鹿児島県,  蒲生町,76.3 ,85.1 
鹿児島県,  溝辺町,77.2 ,84.4 
鹿児島県,  横川町,77.2 ,84.1 
鹿児島県,  栗野町,76.5 ,85.4 
鹿児島県,  吉松町,77.9 ,83.6 
鹿児島県,  牧園町,76.5 ,83.9 
鹿児島県,  霧島町,77.3 ,85.5 
鹿児島県,  隼人町,77.6 ,85.3 
鹿児島県,  福山町,75.8 ,84.9 
鹿児島県,  大隅町,76.2 ,85.1 
鹿児島県,  輝北町,76.0 ,84.7 
鹿児島県,  財部町,75.1 ,84.5 
鹿児島県,  末吉町,76.4 ,84.5 
鹿児島県,  松山町,77.0 ,84.3 
鹿児島県,  志布志町,75.8 ,83.6 
鹿児島県,  有明町,75.5 ,85.5 
鹿児島県,  大崎町,76.5 ,84.3 
鹿児島県,  串良町,77.2 ,84.0 
鹿児島県,  東串良町,76.8 ,84.7 
鹿児島県,  内之浦町,75.0 ,84.1 
鹿児島県,  高山町,76.6 ,84.7 
鹿児島県,  吾平町,76.5 ,85.1 
鹿児島県,  大根占町,76.1 ,85.1 
鹿児島県,  根占町,76.2 ,85.9 
鹿児島県,  田代町,76.6 ,85.8 
鹿児島県,  佐多町,76.5 ,85.1 
鹿児島県,  中種子町,76.4 ,85.0 
鹿児島県,  南種子町,76.7 ,83.9 
鹿児島県,  上屋久町,75.3 ,84.8 
鹿児島県,  屋久町,77.2 ,84.8 
鹿児島県,  大和村,75.4 ,84.6 
鹿児島県,  宇検村,75.2 ,85.0 
鹿児島県,  瀬戸内町,75.9 ,84.7 
鹿児島県,  住用村,75.5 ,84.8 
鹿児島県,  龍郷町,74.6 ,84.8 
鹿児島県,  笠利町,76.2 ,85.5 
鹿児島県,  喜界町,77.0 ,84.7 
鹿児島県,  徳之島町,74.7 ,84.7 
鹿児島県,  天城町,75.5 ,85.0 
鹿児島県,  伊仙町,75.1 ,83.9 
鹿児島県,  和泊町,75.9 ,84.6 
鹿児島県,  知名町,76.3 ,83.3 
鹿児島県,  与論町,76.6 ,86.3 
沖縄県,  那覇市,77.3 ,85.6 
沖縄県,  石川市,76.9 ,85.9 
沖縄県,  具志川市,77.4 ,85.7 
沖縄県,  宜野湾市,77.9 ,85.6 
沖縄県,  平良市,77.6 ,85.5 
沖縄県,  石垣市,77.0 ,86.5 
沖縄県,  浦添市,78.6 ,86.7 
沖縄県,  名護市,77.6 ,86.2 
沖縄県,  糸満市,77.1 ,86.1 
沖縄県,  沖縄市,77.3 ,85.2 
沖縄県,  国頭村,77.4 ,86.4 
沖縄県,  大宜味村,77.0 ,86.1 
沖縄県,  東村,77.7 ,85.9 
沖縄県,  今帰仁村,77.6 ,87.3 
沖縄県,  本部町,77.0 ,86.5 
沖縄県,  恩納村,77.8 ,86.1 
沖縄県,  宜野座村,77.2 ,86.0 
沖縄県,  金武町,78.4 ,86.1 
沖縄県,  伊江村,77.1 ,85.5 
沖縄県,  与那城町,77.1 ,85.4 
沖縄県,  勝連町,76.8 ,86.1 
沖縄県,  読谷村,77.3 ,85.5 
沖縄県,  嘉手納町,76.6 ,85.9 
沖縄県,  北谷町,78.5 ,86.2 
沖縄県,  北中城村,78.6 ,88.5 
沖縄県,  中城村,78.6 ,86.9 
沖縄県,  西原町,79.2 ,86.6 
沖縄県,  豊見城村,78.8 ,89.2 
沖縄県,  東風平町,78.1 ,87.2 
沖縄県,  具志頭村,76.7 ,85.9 
沖縄県,  玉城村,77.0 ,85.3 
沖縄県,  知念村,78.0 ,85.6 
沖縄県,  佐敷町,78.3 ,86.7 
沖縄県,  与那原町,77.3 ,85.6 
沖縄県,  大里村,79.5 ,86.4 
沖縄県,  南風原町,79.1 ,87.0 
沖縄県,  仲里村,78.0 ,86.1 
沖縄県,  具志川村,77.1 ,86.8 
沖縄県,  渡嘉敷村,77.0 ,86.1 
沖縄県,  座間味村,78.1 ,85.9 
沖縄県,  粟国村,77.3 ,85.7 
沖縄県,  渡名喜村,77.6 ,85.8 
沖縄県,  南大東村,77.7 ,86.4 
沖縄県,  北大東村,77.8 ,85.5 
沖縄県,  伊平屋村,77.7 ,86.2 
沖縄県,  伊是名村,77.3 ,86.1 
沖縄県,  城辺町,77.4 ,85.4 
沖縄県,  下地町,77.1 ,86.7 
沖縄県,  上野村,77.7 ,85.9 
沖縄県,  伊良部町,77.3 ,85.8 
沖縄県,  多良間村,76.7 ,86.2 
沖縄県,  竹富町,78.1 ,86.1 
沖縄県,  与那国町,76.7 ,85.5 
